Kuerzel;Bezeichnung;Erlaeuterung;Synonyme;BegriffId;ElternId;Hierarchie;Url;Guid;InspireCode;BoreholeMl;Aenderungsdatum
PH;Phanerozoikum;Phanerozoic (older bound-541 +/-1 Ma, younger bound-0.0 Ma; Äonothem/Eonothem); RGB-Farbwerte nach INSPIRE/ICS: 154 217 221; Quelle: International Chronostratigraphic Chart, Juli 2018;Phanerozoic;1;;1;https://www.geokartieranleitung.de/desktopmodules/gkalist/api/e55e7a29-5dc7-48ae-8273-bbfa0e34a14a;e55e7a29-5dc7-48ae-8273-bbfa0e34a14a;http://inspire.ec.europa.eu/codelist/GeochronologicEraValue/phanerozoic;True;16.08.2018
CZ;Känozoikum;Cenozoic (older bound-66 Ma, younger bound-0.0 Ma; Ärathem/Erathem); RGB-Farbwerte nach INSPIRE/ICS: 242 249 29; Quelle: International Chronostratigraphic Chart, Juli 2018;Cenozoic;2;1;2;https://www.geokartieranleitung.de/desktopmodules/gkalist/api/fadc8bda-1a9a-4d90-a1bc-4cf58dd8ea07;fadc8bda-1a9a-4d90-a1bc-4cf58dd8ea07;http://inspire.ec.europa.eu/codelist/GeochronologicEraValue/cenozoic;True;16.08.2018
Q;Quartär;Quaternary (older bound-2.58 Ma, younger bound-0.0 Ma; System/System); RGB-Farbwerte nach INSPIRE/ICS: 249 249 127; Quelle: International Chronostratigraphic Chart, Juli 2018;Quaternary;3;2;3;https://www.geokartieranleitung.de/desktopmodules/gkalist/api/3aa685ef-278d-4185-9f71-cce75c2f0729;3aa685ef-278d-4185-9f71-cce75c2f0729;http://inspire.ec.europa.eu/codelist/GeochronologicEraValue/quaternary;True;16.08.2018
Q2;Holozän;Holocene (older bound-0.0117 Ma, younger bound-0.0 Ma; Serie/Series); RGB-Farbwerte nach INSPIRE/ICS: 254 242 224; Quelle: International Chronostratigraphic Chart, Juli 2018;Holocene;4;3;4;https://www.geokartieranleitung.de/desktopmodules/gkalist/api/e374e844-c2e3-45c1-8be7-0b7eefec4562;e374e844-c2e3-45c1-8be7-0b7eefec4562;http://inspire.ec.europa.eu/codelist/GeochronologicEraValue/holocene;True;16.08.2018
Q2M;Meghalayium;Meghalayan (older bound-0.0042 Ma, younger bound-0.0 Ma; Stufe/Stage); RGB-Farbwerte nach INSPIRE/ICS: 254 242 224; Quelle: International Chronostratigraphic Chart, Juli 2018;Meghalayan;211;4;5;https://www.geokartieranleitung.de/desktopmodules/gkalist/api/25a85635-1352-4dba-895b-b7ec3672673b;25a85635-1352-4dba-895b-b7ec3672673b;;False;16.08.2018
Q2N;Northgrippium;Northgrippian (older bound-0.0082 Ma, younger bound-0.0042 Ma; Stufe/Stage); RGB-Farbwerte nach INSPIRE/ICS: 254 242 224; Quelle: International Chronostratigraphic Chart, Juli 2018;Northgrippian;212;4;5;https://www.geokartieranleitung.de/desktopmodules/gkalist/api/8c8f5c2f-e7e7-4bbf-96c1-808163735611;8c8f5c2f-e7e7-4bbf-96c1-808163735611;;False;16.08.2018
Q2G;Grönlandium;Greenlandian (older bound-0.0117 Ma, younger bound-0.0082 Ma; Stufe/Stage); RGB-Farbwerte nach INSPIRE/ICS: 254 242 224; Quelle: International Chronostratigraphic Chart, Juli 2018;Greenlandian;213;4;5;https://www.geokartieranleitung.de/desktopmodules/gkalist/api/1336049c-d0b0-46b3-9965-c054392ee1e0;1336049c-d0b0-46b3-9965-c054392ee1e0;;False;16.08.2018
Q1;Pleistozän;Pleistocene (older bound-2.58 Ma, younger bound-0.0117 Ma; Serie/Series); RGB-Farbwerte nach INSPIRE/ICS: 255 242 174; Quelle: International Chronostratigraphic Chart, Juli 2018;Pleistocene;5;3;4;https://www.geokartieranleitung.de/desktopmodules/gkalist/api/f5cf7a05-03bd-41af-b4eb-6590cd48a92f;f5cf7a05-03bd-41af-b4eb-6590cd48a92f;http://inspire.ec.europa.eu/codelist/GeochronologicEraValue/pleistocene;True;16.08.2018
Q1o;Oberpleistozän;Late/Upper Pleistocene (older bound-0.126 Ma, younger bound-0.0117 Ma; Stufe/Stage); RGB-Farbwerte nach INSPIRE/ICS: 255 242 211; Quelle: International Chronostratigraphic Chart, Juli 2018;Upper Pleistocene;6;5;5;https://www.geokartieranleitung.de/desktopmodules/gkalist/api/92205538-d799-40d8-8ac6-a5e9b283468a;92205538-d799-40d8-8ac6-a5e9b283468a;http://inspire.ec.europa.eu/codelist/GeochronologicEraValue/latePleistocene;True;16.08.2018
Q1oW;Weichsel;RGB-Farbwerte nach INSPIRE/ICS: 255 242 211; Quelle: INSPIRE; Stratigraphische Tabelle von Deutschland 2016;Weichselian;199;6;6;https://www.geokartieranleitung.de/desktopmodules/gkalist/api/a547fa36-8130-4cd3-8342-398bac6ad011;a547fa36-8130-4cd3-8342-398bac6ad011;http://inspire.ec.europa.eu/codelist/GeochronologicEraValue/weichselian;False;16.08.2018
Q1oE;Eem;RGB-Farbwerte nach INSPIRE/ICS: 255 242 211; Quelle: INSPIRE; Stratigraphische Tabelle von Deutschland 2017;Eemian;200;6;6;https://www.geokartieranleitung.de/desktopmodules/gkalist/api/7e8e0513-e8db-49bb-9603-19b4e3e49ecd;7e8e0513-e8db-49bb-9603-19b4e3e49ecd;http://inspire.ec.europa.eu/codelist/GeochronologicEraValue/eemian;False;16.08.2018
Q1m;Mittelpleistozän ("Ionium");Ionian (older bound-0.781 Ma, younger bound-0.126 Ma; Stufe/Stage); RGB-Farbwerte nach INSPIRE/ICS: 255 242 199; Quelle: International Chronostratigraphic Chart, Juli 2018;Middle Pleistocene ("Ionian");7;5;5;https://www.geokartieranleitung.de/desktopmodules/gkalist/api/b872250a-f7a5-48a9-b450-041707700e28;b872250a-f7a5-48a9-b450-041707700e28;http://inspire.ec.europa.eu/codelist/GeochronologicEraValue/ionian;True;16.08.2018
Q1mS;Saale-Komplex;RGB-Farbwerte nach INSPIRE/ICS: 255 242 199; Quelle: INSPIRE; Stratigraphische Tabelle von Deutschland 2016;Saalian;201;7;6;https://www.geokartieranleitung.de/desktopmodules/gkalist/api/f18f4871-fe41-4501-9ad3-a870637a2006;f18f4871-fe41-4501-9ad3-a870637a2006;http://inspire.ec.europa.eu/codelist/GeochronologicEraValue/saalian;False;16.08.2018
Q1mH;Holstein;RGB-Farbwerte nach INSPIRE/ICS: 255 242 199; Quelle: INSPIRE; Stratigraphische Tabelle von Deutschland 2016;Holsteinian;202;7;6;https://www.geokartieranleitung.de/desktopmodules/gkalist/api/25708e93-3222-4d61-a5a4-eaeb4d0a9f9d;25708e93-3222-4d61-a5a4-eaeb4d0a9f9d;http://inspire.ec.europa.eu/codelist/GeochronologicEraValue/holsteinian;False;16.08.2018
Q1mE;Elster;RGB-Farbwerte nach INSPIRE/ICS: 255 242 199; Quelle: INSPIRE; Stratigraphische Tabelle von Deutschland 2016;Elsterian;203;7;6;https://www.geokartieranleitung.de/desktopmodules/gkalist/api/e0b2d2b9-c361-496f-b041-d2eb4a182f14;e0b2d2b9-c361-496f-b041-d2eb4a182f14;http://inspire.ec.europa.eu/codelist/GeochronologicEraValue/elsterian;False;16.08.2018
Q1mC;Cromer-Komplex;RGB-Farbwerte nach INSPIRE/ICS: 255 242 199; Quelle: INSPIRE; Stratigraphische Tabelle von Deutschland 2016;Cromerian complex;204;7;6;https://www.geokartieranleitung.de/desktopmodules/gkalist/api/983b3119-3be5-4082-bdf3-6c220e5edeb9;983b3119-3be5-4082-bdf3-6c220e5edeb9;http://inspire.ec.europa.eu/codelist/GeochronologicEraValue/cromerian;False;16.08.2018
Q1C;Calabrium;Calabrian (older bound-1.80 Ma, younger bound-0.781 Ma; Stufe/Stage); RGB-Farbwerte nach INSPIRE/ICS: 255 242 186; Quelle: International Chronostratigraphic Chart, Juli 2018;Calabrian;8;5;5;https://www.geokartieranleitung.de/desktopmodules/gkalist/api/b5bbd681-2619-423d-afb8-3fe3e91854ae;b5bbd681-2619-423d-afb8-3fe3e91854ae;http://inspire.ec.europa.eu/codelist/GeochronologicEraValue/calabrian;True;16.08.2018
Q1CB;Bavel-Komplex;RGB-Farbwerte nach INSPIRE/ICS: 255 242 186; Quelle: INSPIRE; Stratigraphische Tabelle von Deutschland 2016;Bavelian complex;205;8;6;https://www.geokartieranleitung.de/desktopmodules/gkalist/api/d13ab0d7-4eae-4a5b-9a8b-83f1fc23477a;d13ab0d7-4eae-4a5b-9a8b-83f1fc23477a;http://inspire.ec.europa.eu/codelist/GeochronologicEraValue/bavelian;False;16.08.2018
Q1CM;Menap-Komplex;RGB-Farbwerte nach INSPIRE/ICS: 255 242 186; Quelle: INSPIRE; Stratigraphische Tabelle von Deutschland 2016;Menapian complex;206;8;6;https://www.geokartieranleitung.de/desktopmodules/gkalist/api/e3656ad6-c7b6-4ccc-ab8e-defebe33a83c;e3656ad6-c7b6-4ccc-ab8e-defebe33a83c;http://inspire.ec.europa.eu/codelist/GeochronologicEraValue/calabrian;False;16.08.2018
Q1CW;Waal-Komplex;RGB-Farbwerte nach INSPIRE/ICS: 255 242 186; Quelle: INSPIRE; Stratigraphische Tabelle von Deutschland 2016;Waalian complex;207;8;6;https://www.geokartieranleitung.de/desktopmodules/gkalist/api/b4931bcc-206a-489d-a32f-4f1d11eb9e31;b4931bcc-206a-489d-a32f-4f1d11eb9e31;http://inspire.ec.europa.eu/codelist/GeochronologicEraValue/calabrian;False;16.08.2018
Q1CE;Eburon-Komplex;RGB-Farbwerte nach INSPIRE/ICS: 255 242 186; Quelle: INSPIRE; Stratigraphische Tabelle von Deutschland 2016;Eburonian complex;208;8;6;https://www.geokartieranleitung.de/desktopmodules/gkalist/api/3990db0a-233d-4016-8e94-7fd58e2a1552;3990db0a-233d-4016-8e94-7fd58e2a1552;http://inspire.ec.europa.eu/codelist/GeochronologicEraValue/calabrian;False;16.08.2018
Q1G;Gelasium;Gelasian (older bound-2.58 Ma, younger bound-1.80 Ma; Stufe/Stage); RGB-Farbwerte nach INSPIRE/ICS: 255 255 204; Quelle: International Chronostratigraphic Chart, Juli 2018;Gelasian;123;5;5;https://www.geokartieranleitung.de/desktopmodules/gkalist/api/a1647cf0-4525-484a-81f1-9f1ba8169f8e;a1647cf0-4525-484a-81f1-9f1ba8169f8e;http://inspire.ec.europa.eu/codelist/GeochronologicEraValue/gelasian;True;16.08.2018
Q1GT;Tegelen-Komplex;; RGB-Farbwerte nach INSPIRE/ICS: 255 255 204; Quelle: INSPIRE; Stratigraphische Tabelle von Deutschland 2016;Tiglian complex;209;123;6;https://www.geokartieranleitung.de/desktopmodules/gkalist/api/c5c45729-7d21-484d-86cb-264846c02035;c5c45729-7d21-484d-86cb-264846c02035;http://inspire.ec.europa.eu/codelist/GeochronologicEraValue/gelasian;False;16.08.2018
Q1GP;Prätegelen-Komplex;; RGB-Farbwerte nach INSPIRE/ICS: 255 255 204; Quelle: INSPIRE; Stratigraphische Tabelle von Deutschland 2016;Pretiglian complex;210;123;6;https://www.geokartieranleitung.de/desktopmodules/gkalist/api/7b250dbc-cfa3-4dbf-926b-8d376f3f7db1;7b250dbc-cfa3-4dbf-926b-8d376f3f7db1;http://inspire.ec.europa.eu/codelist/GeochronologicEraValue/gelasian;False;16.08.2018
B;Tertiär;Tertiary (older bound-66 Ma, younger bound-2.58 Ma; System/System); RGB-Farbwerte nach INSPIRE/ICS: 242 206 143; Quelle: INSPIRE, Stratigraphische Tabelle von Deutschland 2016;Tertiary;9;2;3;https://www.geokartieranleitung.de/desktopmodules/gkalist/api/9ebefd13-727b-4f5d-8a2f-0a4184e58fc0;9ebefd13-727b-4f5d-8a2f-0a4184e58fc0;http://inspire.ec.europa.eu/codelist/GeochronologicEraValue/cenozoic;True;16.08.2018
N;Neogen;Neogene (older bound-23.03 Ma, younger bound-2.58 Ma; System/System); RGB-Farbwerte nach INSPIRE/ICS: 255 230 25; Quelle: International Chronostratigraphic Chart, Juli 2018;Neogene;10;9;4;https://www.geokartieranleitung.de/desktopmodules/gkalist/api/7029fb9e-4d5a-4593-8b7e-eb377c0eb789;7029fb9e-4d5a-4593-8b7e-eb377c0eb789;http://inspire.ec.europa.eu/codelist/GeochronologicEraValue/neogene;True;16.08.2018
N2;Pliozän;Pliocene (older bound-5.333 Ma, younger bound-2.58 Ma; Serie/Series); RGB-Farbwerte nach INSPIRE/ICS: 255 255 153; Quelle: International Chronostratigraphic Chart, Juli 2018;Pliocene;11;10;5;https://www.geokartieranleitung.de/desktopmodules/gkalist/api/377d84b5-f19f-4b8b-be96-f5e93d5536fc;377d84b5-f19f-4b8b-be96-f5e93d5536fc;http://inspire.ec.europa.eu/codelist/GeochronologicEraValue/pliocene;True;16.08.2018
N2P;Piacenzium;Piacenzian (older bound-3.6 Ma, younger bound-2.58 Ma; Stufe/Stage); RGB-Farbwerte nach INSPIRE/ICS: 255 255 191; Quelle: International Chronostratigraphic Chart, Juli 2018;Piacenzian;135;11;6;https://www.geokartieranleitung.de/desktopmodules/gkalist/api/e5e4e5d2-49b9-4238-b036-3f72328b42bb;e5e4e5d2-49b9-4238-b036-3f72328b42bb;http://inspire.ec.europa.eu/codelist/GeochronologicEraValue/piacenzian;True;16.08.2018
N2Z;Zancleum;Zanclean (older bound-5.333 Ma, younger bound-3.6 Ma; Stufe/Stage); RGB-Farbwerte nach INSPIRE/ICS: 255 255 179; Quelle: International Chronostratigraphic Chart, Juli 2018;Zanclean;136;11;6;https://www.geokartieranleitung.de/desktopmodules/gkalist/api/af8d0b30-177c-4649-a10a-6fa53193884f;af8d0b30-177c-4649-a10a-6fa53193884f;http://inspire.ec.europa.eu/codelist/GeochronologicEraValue/zanclean;True;16.08.2018
N1;Miozän;Miocene (older bound-23.03 Ma, younger bound-5.333 Ma; Serie/Series); RGB-Farbwerte nach INSPIRE/ICS: 255 255 0; Quelle: International Chronostratigraphic Chart, Juli 2018;Miocene;12;10;5;https://www.geokartieranleitung.de/desktopmodules/gkalist/api/7107838d-b4d9-414a-8a1c-8222904b9c89;7107838d-b4d9-414a-8a1c-8222904b9c89;http://inspire.ec.europa.eu/codelist/GeochronologicEraValue/miocene;True;16.08.2018
N1M;Messinium;Messinian (older bound-7.246 Ma, younger bound-5.333 Ma; Stufe/Stage); RGB-Farbwerte nach INSPIRE/ICS: 255 255 115; Quelle: International Chronostratigraphic Chart, Juli 2018;Messinian;137;12;6;https://www.geokartieranleitung.de/desktopmodules/gkalist/api/07f83b85-e6bd-4e87-ae6e-2e8341be9820;07f83b85-e6bd-4e87-ae6e-2e8341be9820;http://inspire.ec.europa.eu/codelist/GeochronologicEraValue/messinian;True;16.08.2018
N1T;Tortonium;Tortonian (older bound-11.63 Ma, younger bound-7.246 Ma; Stufe/Stage); RGB-Farbwerte nach INSPIRE/ICS: 255 255 102; Quelle: International Chronostratigraphic Chart, Juli 2018;Tortonian;138;12;6;https://www.geokartieranleitung.de/desktopmodules/gkalist/api/9eddbe71-8364-44cc-86c5-71b79a0ba7b4;9eddbe71-8364-44cc-86c5-71b79a0ba7b4;http://inspire.ec.europa.eu/codelist/GeochronologicEraValue/tortonian;True;16.08.2018
N1S;Serravallium;Serravallian (older bound-13.82 Ma, younger bound-11.63 Ma; Stufe/Stage); RGB-Farbwerte nach INSPIRE/ICS: 255 255 89; Quelle: International Chronostratigraphic Chart, Juli 2018;Serravallian;139;12;6;https://www.geokartieranleitung.de/desktopmodules/gkalist/api/59fa7471-9a21-442b-9fc4-20bf47b7373a;59fa7471-9a21-442b-9fc4-20bf47b7373a;http://inspire.ec.europa.eu/codelist/GeochronologicEraValue/serravallian;True;16.08.2018
N1L;Langhium;Langhian (older bound-15.97 Ma, younger bound-13.82 Ma; Stufe/Stage); RGB-Farbwerte nach INSPIRE/ICS: 255 255 77; Quelle: International Chronostratigraphic Chart, Juli 2018;Langhian;140;12;6;https://www.geokartieranleitung.de/desktopmodules/gkalist/api/4988ddaf-5605-4edf-b10c-54cbb494e79f;4988ddaf-5605-4edf-b10c-54cbb494e79f;http://inspire.ec.europa.eu/codelist/GeochronologicEraValue/langhian;True;16.08.2018
N1B;Burdigalium;Burdigalian (older bound-20.44 Ma, younger bound-15.97 Ma; Stufe/Stage); RGB-Farbwerte nach INSPIRE/ICS: 255 255 65; Quelle: International Chronostratigraphic Chart, Juli 2018;Burdigalian;141;12;6;https://www.geokartieranleitung.de/desktopmodules/gkalist/api/c1d00e16-9cbe-4ab3-83e9-7d2a461e0845;c1d00e16-9cbe-4ab3-83e9-7d2a461e0845;http://inspire.ec.europa.eu/codelist/GeochronologicEraValue/burdigalian;True;16.08.2018
N1A;Aquitanium;Aquitanian (older bound-23.03 Ma, younger bound-20.44 Ma; Stufe/Stage); RGB-Farbwerte nach INSPIRE/ICS: 255 255 51; Quelle: International Chronostratigraphic Chart, Juli 2018;Aquitanian;142;12;6;https://www.geokartieranleitung.de/desktopmodules/gkalist/api/7d332a94-1bac-4a3a-8e39-8873a40e0aad;7d332a94-1bac-4a3a-8e39-8873a40e0aad;http://inspire.ec.europa.eu/codelist/GeochronologicEraValue/aquitanian;True;16.08.2018
E;Paläogen;Paleogene (older bound-66 Ma, younger bound-23.03 Ma; System/System); RGB-Farbwerte nach INSPIRE/ICS: 253 154 82; Quelle: International Chronostratigraphic Chart, Juli 2018;Paleogene;13;9;4;https://www.geokartieranleitung.de/desktopmodules/gkalist/api/4f62b600-cf39-4b31-aacc-04200bac3b4b;4f62b600-cf39-4b31-aacc-04200bac3b4b;http://inspire.ec.europa.eu/codelist/GeochronologicEraValue/paleogene;True;16.08.2018
E3;Oligozän;Oligocene (older bound-33.9 Ma, younger bound-23.03 Ma; Serie/Series); RGB-Farbwerte nach INSPIRE/ICS: 253 192 122; Quelle: International Chronostratigraphic Chart, Juli 2018;Oligocene;14;13;5;https://www.geokartieranleitung.de/desktopmodules/gkalist/api/479d6f73-a6ac-49ab-aaf5-96fcd65268cc;479d6f73-a6ac-49ab-aaf5-96fcd65268cc;http://inspire.ec.europa.eu/codelist/GeochronologicEraValue/oligocene;True;16.08.2018
E3C;Chattium;Chattian (older bound-27.82 Ma, younger bound-23.03 Ma; Stufe/Stage); RGB-Farbwerte nach INSPIRE/ICS: 254 230 170; Quelle: International Chronostratigraphic Chart, Juli 2018;Chattian;143;14;6;https://www.geokartieranleitung.de/desktopmodules/gkalist/api/b14816f2-c046-4177-9599-dfcdf461c754;b14816f2-c046-4177-9599-dfcdf461c754;http://inspire.ec.europa.eu/codelist/GeochronologicEraValue/chattian;True;16.08.2018
E3R;Rupelium;Rupelian (older bound-33.9 Ma, younger bound-27.82 Ma; Stufe/Stage); RGB-Farbwerte nach INSPIRE/ICS: 254 217 154; Quelle: International Chronostratigraphic Chart, Juli 2018;Rupelian;144;14;6;https://www.geokartieranleitung.de/desktopmodules/gkalist/api/8dc74f20-2f3d-45b6-b598-a016d8b1d8b8;8dc74f20-2f3d-45b6-b598-a016d8b1d8b8;http://inspire.ec.europa.eu/codelist/GeochronologicEraValue/rupelian;True;16.08.2018
E2;Eozän;Eocene (older bound-56 Ma, younger bound-33.9 Ma; Serie/Series); RGB-Farbwerte nach INSPIRE/ICS: 253 180 108; Quelle: International Chronostratigraphic Chart, Juli 2018;Eocene;15;13;5;https://www.geokartieranleitung.de/desktopmodules/gkalist/api/b2f036e1-7112-43dd-ba10-964ec6885442;b2f036e1-7112-43dd-ba10-964ec6885442;http://inspire.ec.europa.eu/codelist/GeochronologicEraValue/eocene;True;16.08.2018
E2P;Priabonium;Priabonian (older bound-37.8 Ma, younger bound-33.9 Ma; Stufe/Stage); RGB-Farbwerte nach INSPIRE/ICS: 253 205 161; Quelle: International Chronostratigraphic Chart, Juli 2018;Priabonian;145;15;6;https://www.geokartieranleitung.de/desktopmodules/gkalist/api/19d36a72-fe92-48f6-a05b-ec3f8da36c6e;19d36a72-fe92-48f6-a05b-ec3f8da36c6e;http://inspire.ec.europa.eu/codelist/GeochronologicEraValue/priabonian;True;16.08.2018
E2B;Bartonium;Bartonian (older bound-41.2 Ma, younger bound-37.8 Ma; Stufe/Stage); RGB-Farbwerte nach INSPIRE/ICS: 253 192 145; Quelle: International Chronostratigraphic Chart, Juli 2018;Bartonian;146;15;6;https://www.geokartieranleitung.de/desktopmodules/gkalist/api/771219ff-ab8b-4714-b013-5e43b71e437b;771219ff-ab8b-4714-b013-5e43b71e437b;http://inspire.ec.europa.eu/codelist/GeochronologicEraValue/bartonian;True;16.08.2018
E2L;Lutetium;Lutetian (older bound-47.8 Ma, younger bound-41.2 Ma; Stufe/Stage); RGB-Farbwerte nach INSPIRE/ICS: 252 180 130; Quelle: International Chronostratigraphic Chart, Juli 2018;Lutetian;147;15;6;https://www.geokartieranleitung.de/desktopmodules/gkalist/api/e98052dc-6a80-4ea4-b083-e45ca2f79997;e98052dc-6a80-4ea4-b083-e45ca2f79997;http://inspire.ec.europa.eu/codelist/GeochronologicEraValue/lutetian;True;16.08.2018
E2Y;Ypresium;Ypresian (older bound-56 Ma, younger bound-47.8 Ma; Stufe/Stage); RGB-Farbwerte nach INSPIRE/ICS: 252 167 115; Quelle: International Chronostratigraphic Chart, Juli 2018;Ypresian;148;15;6;https://www.geokartieranleitung.de/desktopmodules/gkalist/api/89de97fa-84fe-451f-8168-aa42501fc264;89de97fa-84fe-451f-8168-aa42501fc264;http://inspire.ec.europa.eu/codelist/GeochronologicEraValue/ypresian;True;16.08.2018
E1;Paläozän;Paleocene (older bound-66 Ma, younger bound-56 Ma; Serie/Series); RGB-Farbwerte nach INSPIRE/ICS: 253 167 95; Quelle: International Chronostratigraphic Chart, Juli 2018;Paleocene;16;13;5;https://www.geokartieranleitung.de/desktopmodules/gkalist/api/69cb0ee1-1193-40d0-877c-f3ba57aacb4d;69cb0ee1-1193-40d0-877c-f3ba57aacb4d;http://inspire.ec.europa.eu/codelist/GeochronologicEraValue/paleocene;True;16.08.2018
E1T;Thanetium;Thanetian (older bound-59.2 Ma, younger bound-56 Ma; Stufe/Stage); RGB-Farbwerte nach INSPIRE/ICS: 253 191 111; Quelle: International Chronostratigraphic Chart, Juli 2018;Thanetian;149;16;6;https://www.geokartieranleitung.de/desktopmodules/gkalist/api/3c3dfa27-89fd-416a-9e9e-7ce4f54e4ffa;3c3dfa27-89fd-416a-9e9e-7ce4f54e4ffa;http://inspire.ec.europa.eu/codelist/GeochronologicEraValue/thanetian;True;16.08.2018
E1S;Seelandium;Selandian (older bound-61.6 Ma, younger bound-59.2 Ma; Stufe/Stage); RGB-Farbwerte nach INSPIRE/ICS: 255 191 101; Quelle: International Chronostratigraphic Chart, Juli 2018;Selandian;150;16;6;https://www.geokartieranleitung.de/desktopmodules/gkalist/api/8e710431-1d3e-4123-8e79-55cceb6e8e22;8e710431-1d3e-4123-8e79-55cceb6e8e22;http://inspire.ec.europa.eu/codelist/GeochronologicEraValue/selandian;True;16.08.2018
E1D;Danian;Danian (older bound-66 Ma, younger bound-61.6 Ma; Stufe/Stage); RGB-Farbwerte nach INSPIRE/ICS: 253 180 96; Quelle: International Chronostratigraphic Chart, Juli 2018;Danium;151;16;6;https://www.geokartieranleitung.de/desktopmodules/gkalist/api/10678b5d-fcfc-4008-b882-a180ad1ee2d1;10678b5d-fcfc-4008-b882-a180ad1ee2d1;http://inspire.ec.europa.eu/codelist/GeochronologicEraValue/danian;True;16.08.2018
MZ;Mesozoikum;Mesozoic (older bound-251.902 +/-0.024 Ma, younger bound-66 Ma; Ärathem/Erathem); RGB-Farbwerte nach INSPIRE/ICS: 103 197 202; Quelle: International Chronostratigraphic Chart, Juli 2018;Mesozoic;17;1;2;https://www.geokartieranleitung.de/desktopmodules/gkalist/api/8669943a-7414-45f6-8d96-f1d3b2c7248a;8669943a-7414-45f6-8d96-f1d3b2c7248a;http://inspire.ec.europa.eu/codelist/GeochronologicEraValue/mesozoic;True;16.08.2018
K;Kreide;Cretaceous (older bound-145 Ma, younger bound-66 Ma; System/System); RGB-Farbwerte nach INSPIRE/ICS: 127 198 78; Quelle: International Chronostratigraphic Chart, Juli 2018;Cretaceous;18;17;3;https://www.geokartieranleitung.de/desktopmodules/gkalist/api/5b265535-5909-4cec-9d07-f89153fb3e5e;5b265535-5909-4cec-9d07-f89153fb3e5e;http://inspire.ec.europa.eu/codelist/GeochronologicEraValue/cretaceous;True;16.08.2018
K2;Oberkreide;Upper Cretaceous (older bound-100.5 Ma, younger bound-66 Ma; Serie/Series); RGB-Farbwerte nach INSPIRE/ICS: 166 216 74; Quelle: International Chronostratigraphic Chart, Juli 2018;Upper Cretaceous;19;18;4;https://www.geokartieranleitung.de/desktopmodules/gkalist/api/31d3e2e2-e05a-472c-8ca5-d1bbb33b59b8;31d3e2e2-e05a-472c-8ca5-d1bbb33b59b8;http://inspire.ec.europa.eu/codelist/GeochronologicEraValue/lateCretaceous;True;16.08.2018
K2M;Maastrichtium;Maastrichtian (older bound-72.1+/-0.2 Ma, younger bound-66 Ma; Stufe/Stage); RGB-Farbwerte nach INSPIRE/ICS: 242 250 140; Quelle: International Chronostratigraphic Chart, Juli 2018;Maastrichtian;20;19;5;https://www.geokartieranleitung.de/desktopmodules/gkalist/api/72a3031f-bc0e-4c68-91a9-78a0aafe0b3f;72a3031f-bc0e-4c68-91a9-78a0aafe0b3f;http://inspire.ec.europa.eu/codelist/GeochronologicEraValue/maastrichtian;True;16.08.2018
K2Ca;Campanium;Campanian (older bound-83.6 +/-0.2 Ma, younger bound-72.1+/-0.2 Ma; Stufe/Stage); RGB-Farbwerte nach INSPIRE/ICS: 230 244 127; Quelle: International Chronostratigraphic Chart, Juli 2018;Campanian;21;19;5;https://www.geokartieranleitung.de/desktopmodules/gkalist/api/cd27090a-da93-4a7f-b7f7-98c499d77e2b;cd27090a-da93-4a7f-b7f7-98c499d77e2b;http://inspire.ec.europa.eu/codelist/GeochronologicEraValue/campanian;True;16.08.2018
K2S;Santonium;Santonian (older bound-86.3 +/-0.5 Ma, younger bound-83.6 +/-0.2 Ma; Stufe/Stage); RGB-Farbwerte nach INSPIRE/ICS: 217 239 116; Quelle: International Chronostratigraphic Chart, Juli 2018;Santonian;22;19;5;https://www.geokartieranleitung.de/desktopmodules/gkalist/api/f630b476-7858-483c-bff2-36d467bd2981;f630b476-7858-483c-bff2-36d467bd2981;http://inspire.ec.europa.eu/codelist/GeochronologicEraValue/santonian;True;16.08.2018
K2Cc;Coniacium;Coniacian (older bound-89.8 +/-0.3 Ma, younger bound-86.3 +/-0.5 Ma; Stufe/Stage); RGB-Farbwerte nach INSPIRE/ICS: 204 233 104; Quelle: International Chronostratigraphic Chart, Juli 2018;Coniacian;23;19;5;https://www.geokartieranleitung.de/desktopmodules/gkalist/api/51068431-31fd-4393-8a36-c644cbb4077f;51068431-31fd-4393-8a36-c644cbb4077f;http://inspire.ec.europa.eu/codelist/GeochronologicEraValue/coniacian;True;16.08.2018
K2T;Turonium;Turonian (older bound-93.9 Ma, younger bound-89.8 +/-0.3 Ma; Stufe/Stage); RGB-Farbwerte nach INSPIRE/ICS: 191 227 93; Quelle: International Chronostratigraphic Chart, Juli 2018;Turonian;24;19;5;https://www.geokartieranleitung.de/desktopmodules/gkalist/api/b1ee6ae3-19c6-4566-b6b2-18d86c25e1f8;b1ee6ae3-19c6-4566-b6b2-18d86c25e1f8;http://inspire.ec.europa.eu/codelist/GeochronologicEraValue/turonian;True;16.08.2018
K2Cn;Cenomanium;Cenomanian (older bound-100.5 Ma, younger bound-93.9 Ma; Stufe/Stage); RGB-Farbwerte nach INSPIRE/ICS: 179 222 83; Quelle: International Chronostratigraphic Chart, Juli 2018;Cenomanian;25;19;5;https://www.geokartieranleitung.de/desktopmodules/gkalist/api/5d3222f2-f4b9-4ce3-9e44-5263bb001df0;5d3222f2-f4b9-4ce3-9e44-5263bb001df0;http://inspire.ec.europa.eu/codelist/GeochronologicEraValue/cenomanian;True;16.08.2018
K1;Unterkreide;Lower Cretaceous (older bound-145 Ma, younger bound-100.5 Ma; Serie/Series); RGB-Farbwerte nach INSPIRE/ICS: 140 205 87; Quelle: International Chronostratigraphic Chart, Juli 2018;Lower Cretaceous;26;18;4;https://www.geokartieranleitung.de/desktopmodules/gkalist/api/5f631e1e-56de-4530-8059-948cfb7440dd;5f631e1e-56de-4530-8059-948cfb7440dd;http://inspire.ec.europa.eu/codelist/GeochronologicEraValue/earlyOrLowerCretaceous;True;16.08.2018
K1Al;Albium;Albian (older bound-113 Ma, younger bound-100.5 Ma; Stufe/Stage); RGB-Farbwerte nach INSPIRE/ICS: 204 234 151; Quelle: International Chronostratigraphic Chart, Juli 2018;Albian;27;26;5;https://www.geokartieranleitung.de/desktopmodules/gkalist/api/40c6e5df-6493-4e73-a22e-3d2a64ec25a8;40c6e5df-6493-4e73-a22e-3d2a64ec25a8;http://inspire.ec.europa.eu/codelist/GeochronologicEraValue/albian;True;16.08.2018
K1Ap;Aptium;Aptian (older bound-125 Ma, younger bound-113 Ma; Stufe/Stage); RGB-Farbwerte nach INSPIRE/ICS: 191 228 138; Quelle: International Chronostratigraphic Chart, Juli 2018;Aptian;28;26;5;https://www.geokartieranleitung.de/desktopmodules/gkalist/api/953a8b91-f164-4894-bbc4-6166e1d6ffe3;953a8b91-f164-4894-bbc4-6166e1d6ffe3;http://inspire.ec.europa.eu/codelist/GeochronologicEraValue/aptian;True;16.08.2018
K1Ba;Barrêmium;Barremian (older bound-129,4 Ma, younger bound-125 Ma; Stufe/Stage); RGB-Farbwerte nach INSPIRE/ICS: 179 223 127; Quelle: International Chronostratigraphic Chart, Juli 2018;Barremian;29;26;5;https://www.geokartieranleitung.de/desktopmodules/gkalist/api/d541e45e-0504-43f7-b8c5-2919794c3ed2;d541e45e-0504-43f7-b8c5-2919794c3ed2;http://inspire.ec.europa.eu/codelist/GeochronologicEraValue/barremian;True;16.08.2018
K1H;Hauterivium;Hauterivian (older bound-132.9 Ma, younger bound-129,4 Ma; Stufe/Stage); RGB-Farbwerte nach INSPIRE/ICS: 166 217 117; Quelle: International Chronostratigraphic Chart, Juli 2018;Hauterivian;30;26;5;https://www.geokartieranleitung.de/desktopmodules/gkalist/api/b8269d65-0c52-42ee-b860-838a7d5b9814;b8269d65-0c52-42ee-b860-838a7d5b9814;http://inspire.ec.europa.eu/codelist/GeochronologicEraValue/hauterivian;True;16.08.2018
K1V;Valanginium;Valanginian (older bound-139,8 Ma, younger bound-132.9 Ma; Stufe/Stage); RGB-Farbwerte nach INSPIRE/ICS: 153 211 106; Quelle: International Chronostratigraphic Chart, Juli 2018;Valanginian;31;26;5;https://www.geokartieranleitung.de/desktopmodules/gkalist/api/49d7e27d-b2ce-4437-9df7-55098c3d3c35;49d7e27d-b2ce-4437-9df7-55098c3d3c35;http://inspire.ec.europa.eu/codelist/GeochronologicEraValue/valanginian;True;16.08.2018
K1Be;Berriasium;Berriasian (older bound-145 Ma, younger bound-139.8 Ma; Stufe/Stage); RGB-Farbwerte nach INSPIRE/ICS: 140 205 96; Quelle: International Chronostratigraphic Chart, Juli 2018;Berriasian;32;26;5;https://www.geokartieranleitung.de/desktopmodules/gkalist/api/7c92a467-a916-4f8b-a405-b31bcf977f0b;7c92a467-a916-4f8b-a405-b31bcf977f0b;http://inspire.ec.europa.eu/codelist/GeochronologicEraValue/berriasian;True;16.08.2018
J;Jura;Jurassic (older bound-201.3 +/-0.2 Ma, younger bound-145 Ma; System/System); RGB-Farbwerte nach INSPIRE/ICS: 52 197 202; Quelle: International Chronostratigraphic Chart, Juli 2018;Jurassic;33;17;3;https://www.geokartieranleitung.de/desktopmodules/gkalist/api/e1ffeac7-0c66-4ad3-9b24-98197b812faf;e1ffeac7-0c66-4ad3-9b24-98197b812faf;http://inspire.ec.europa.eu/codelist/GeochronologicEraValue/jurassic;True;16.08.2018
J3;Oberjura;Upper Jurassic (older bound-163.5 +/-1 Ma, younger bound-145 Ma; Serie/Series); RGB-Farbwerte nach INSPIRE/ICS: 179 227 238; Quelle: International Chronostratigraphic Chart, Juli 2018;Upper Jurassic;34;33;4;https://www.geokartieranleitung.de/desktopmodules/gkalist/api/01d1fac3-f2c9-4a6b-9488-9ad8f7b286ab;01d1fac3-f2c9-4a6b-9488-9ad8f7b286ab;http://inspire.ec.europa.eu/codelist/GeochronologicEraValue/lateJurassic;True;16.08.2018
J3T;Tithonium;Tithonian (older bound-152.1 +/-0.9 Ma, younger bound-145 Ma; Stufe/Stage); RGB-Farbwerte nach INSPIRE/ICS: 217 241 247; Quelle: International Chronostratigraphic Chart, Juli 2018;Tithonian;35;34;5;https://www.geokartieranleitung.de/desktopmodules/gkalist/api/d90da923-bf02-4db1-8eb6-2c4cbb5b6ff3;d90da923-bf02-4db1-8eb6-2c4cbb5b6ff3;http://inspire.ec.europa.eu/codelist/GeochronologicEraValue/tithonian;True;16.08.2018
J3K;Kimmeridgium;Kimmeridgian (older bound-157.3 +/-1 Ma, younger bound-152.1 +/-0.9 Ma; Stufe/Stage); RGB-Farbwerte nach INSPIRE/ICS: 204 236 244; Quelle: International Chronostratigraphic Chart, Juli 2018;Kimmeridgian;36;34;5;https://www.geokartieranleitung.de/desktopmodules/gkalist/api/58870696-6cf5-4fd6-816d-e4d897ceb19c;58870696-6cf5-4fd6-816d-e4d897ceb19c;http://inspire.ec.europa.eu/codelist/GeochronologicEraValue/kimmeridgian;True;16.08.2018
J3O;Oxfordium;Oxfordian (older bound-163.5 +/-1 Ma, younger bound-157.3 +/-1 Ma; Stufe/Stage); RGB-Farbwerte nach INSPIRE/ICS: 191 231 241; Quelle: International Chronostratigraphic Chart, Juli 2018;Oxfordian;37;34;5;https://www.geokartieranleitung.de/desktopmodules/gkalist/api/389a3c28-c8ae-43dd-a182-b487e35fd73b;389a3c28-c8ae-43dd-a182-b487e35fd73b;http://inspire.ec.europa.eu/codelist/GeochronologicEraValue/oxfordian;True;16.08.2018
J2;Mitteljura;Middle Jurassic (older bound-174.1 +/-1 Ma, younger bound-163.5 +/-1 Ma; Serie/Series); RGB-Farbwerte nach INSPIRE/ICS: 128 207 216; Quelle: International Chronostratigraphic Chart, Juli 2018;Middle Jurassic;38;33;4;https://www.geokartieranleitung.de/desktopmodules/gkalist/api/265f609e-6c63-4e90-a326-0b228fe0fd8b;265f609e-6c63-4e90-a326-0b228fe0fd8b;http://inspire.ec.europa.eu/codelist/GeochronologicEraValue/middleJurassic;True;16.08.2018
J2C;Callovium;Callovian (older bound-166.1 +/-1.2 Ma, younger bound-163.5 +/-1 Ma; Stufe/Stage); RGB-Farbwerte nach INSPIRE/ICS: 191 231 229; Quelle: International Chronostratigraphic Chart, Juli 2018;Callovian;39;38;5;https://www.geokartieranleitung.de/desktopmodules/gkalist/api/14612150-1e05-45a7-980c-f3cb90ea52a1;14612150-1e05-45a7-980c-f3cb90ea52a1;http://inspire.ec.europa.eu/codelist/GeochronologicEraValue/callovian;True;16.08.2018
J2Bt;Bathonium;Bathonian (older bound-168.3 +/-1.3 Ma, younger bound-166.1 +/-1.2Ma; Stufe/Stage); RGB-Farbwerte nach INSPIRE/ICS: 179 226 227; Quelle: International Chronostratigraphic Chart, Juli 2018;Bathonian;40;38;5;https://www.geokartieranleitung.de/desktopmodules/gkalist/api/d0e96060-1b0a-4018-b5ed-039615462e19;d0e96060-1b0a-4018-b5ed-039615462e19;http://inspire.ec.europa.eu/codelist/GeochronologicEraValue/bathonian;True;16.08.2018
J2Bj;Bajocium;Bajocian (older bound-170.3 +/-1.4 Ma, younger bound-168.3 +/-1.3 Ma; Stufe/Stage); RGB-Farbwerte nach INSPIRE/ICS: 166 221 224; Quelle: International Chronostratigraphic Chart, Juli 2018;Bajocian;41;38;5;https://www.geokartieranleitung.de/desktopmodules/gkalist/api/5df17f0a-e399-4c94-9953-a1c5d0ecaa2d;5df17f0a-e399-4c94-9953-a1c5d0ecaa2d;http://inspire.ec.europa.eu/codelist/GeochronologicEraValue/bajocian;True;16.08.2018
J2A;Aalenium;Aalenian (older bound-174.1 +/-1 Ma, younger bound-170.3 +/-1.4 Ma; Stufe/Stage); RGB-Farbwerte nach INSPIRE/ICS: 154 217 221; Quelle: International Chronostratigraphic Chart, Juli 2018;Aalenian;42;38;5;https://www.geokartieranleitung.de/desktopmodules/gkalist/api/1d0ef1a1-e19c-4fdb-a86b-8d486d6c535f;1d0ef1a1-e19c-4fdb-a86b-8d486d6c535f;http://inspire.ec.europa.eu/codelist/GeochronologicEraValue/aalenian;True;16.08.2018
J1;Unterjura;Lower Jurassic (older bound-201.3 +/-0.2 Ma, younger bound-174.1 +/-1 Ma; Serie/Series); RGB-Farbwerte nach INSPIRE/ICS: 66 174 208; Quelle: International Chronostratigraphic Chart, Juli 2018;Lower Jurassic;43;33;4;https://www.geokartieranleitung.de/desktopmodules/gkalist/api/c8f6dbfd-22c6-42da-956a-d03fb6cf6ca3;c8f6dbfd-22c6-42da-956a-d03fb6cf6ca3;http://inspire.ec.europa.eu/codelist/GeochronologicEraValue/earlyJurassic;True;16.08.2018
J1T;Toarcium;Toarcian (older bound-182.7 +/-0.7 Ma, younger bound-174.1 +/-1 Ma; Stufe/Stage); RGB-Farbwerte nach INSPIRE/ICS: 153 206 227; Quelle: International Chronostratigraphic Chart, Juli 2018;Toarcian;44;43;5;https://www.geokartieranleitung.de/desktopmodules/gkalist/api/85af6699-cbea-4d8f-991b-78cf0e8dda75;85af6699-cbea-4d8f-991b-78cf0e8dda75;http://inspire.ec.europa.eu/codelist/GeochronologicEraValue/toarcian;True;16.08.2018
J1P;Pliensbachium;Pliensbachian (older bound-190.8 +/-1 Ma, younger bound-182.7 +/-0.7 Ma; Stufe/Stage); RGB-Farbwerte nach INSPIRE/ICS: 128 197 221; Quelle: International Chronostratigraphic Chart, Juli 2018;Pliensbachian;45;43;5;https://www.geokartieranleitung.de/desktopmodules/gkalist/api/e1db7b8c-9fc8-4ea2-8793-461c121ba8be;e1db7b8c-9fc8-4ea2-8793-461c121ba8be;http://inspire.ec.europa.eu/codelist/GeochronologicEraValue/pliensbachian;True;16.08.2018
J1S;Sinemurium;Sinemurian (older bound-199.3 +/-0.3 Ma, younger bound-190.8 +/-1 Ma; Stufe/Stage); RGB-Farbwerte nach INSPIRE/ICS: 103 188 216; Quelle: International Chronostratigraphic Chart, Juli 2018;Sinemurian;46;43;5;https://www.geokartieranleitung.de/desktopmodules/gkalist/api/20173ff3-0c5a-4ef0-b5a0-3e0b416fea39;20173ff3-0c5a-4ef0-b5a0-3e0b416fea39;http://inspire.ec.europa.eu/codelist/GeochronologicEraValue/sinemurian;True;16.08.2018
J1H;Hettangium;Hettangian (older bound-201.3 +/-0.2 Ma, younger bound-199.3 +/-0.3 Ma; Stufe/Stage); RGB-Farbwerte nach INSPIRE/ICS: 78 179 211; Quelle: International Chronostratigraphic Chart, Juli 2018;Hettangian;47;43;5;https://www.geokartieranleitung.de/desktopmodules/gkalist/api/491ac6b6-f777-4ba9-a39b-d81ae04ec68e;491ac6b6-f777-4ba9-a39b-d81ae04ec68e;http://inspire.ec.europa.eu/codelist/GeochronologicEraValue/hettangian;True;16.08.2018
T;Trias;Triassic (older bound-251.902 +/-0.024 Ma, younger bound-201.3 +/-0.2; System/System); RGB-Farbwerte nach INSPIRE/ICS: 129 43 146; Quelle: International Chronostratigraphic Chart, Juli 2018;Triassic;48;17;3;https://www.geokartieranleitung.de/desktopmodules/gkalist/api/740ac56e-4372-4a88-9002-084b31049dab;740ac56e-4372-4a88-9002-084b31049dab;http://inspire.ec.europa.eu/codelist/GeochronologicEraValue/triassic;True;16.08.2018
T3;Obertrias;Upper Triassic (older bound-237 Ma, younger bound-201.3 +/-0.2 Ma; Serie/Series); RGB-Farbwerte nach INSPIRE/ICS: 189 140 195; Quelle: International Chronostratigraphic Chart, Juli 2018;Upper Triassic;49;48;4;https://www.geokartieranleitung.de/desktopmodules/gkalist/api/e6869434-9962-424b-b740-7c630bdbb2db;e6869434-9962-424b-b740-7c630bdbb2db;http://inspire.ec.europa.eu/codelist/GeochronologicEraValue/lateTriassic;True;16.08.2018
T3R;Rhaetium;Rhaetian (older bound-208.5 Ma, younger bound-201.3 +/-0.2 Ma; Stufe/Stage); RGB-Farbwerte nach INSPIRE/ICS: 227 185 219; Quelle: International Chronostratigraphic Chart, Juli 2018;Rhaetian;50;49;5;https://www.geokartieranleitung.de/desktopmodules/gkalist/api/32fea96e-1889-4e5b-ad18-56d5487e5065;32fea96e-1889-4e5b-ad18-56d5487e5065;http://inspire.ec.europa.eu/codelist/GeochronologicEraValue/rhaetian;True;16.08.2018
T3N;Norium;Norian (older bound-227 Ma, younger bound-208.5 Ma; Stufe/Stage); RGB-Farbwerte nach INSPIRE/ICS: 214 170 211; Quelle: International Chronostratigraphic Chart, Juli 2018;Norian;51;49;5;https://www.geokartieranleitung.de/desktopmodules/gkalist/api/94b44638-9b33-448a-9ebc-b1d8e94b2905;94b44638-9b33-448a-9ebc-b1d8e94b2905;http://inspire.ec.europa.eu/codelist/GeochronologicEraValue/norian;True;16.08.2018
T3K;Karnium;Carnian (older bound-237 Ma, younger bound-227 Ma; Stufe/Stage); RGB-Farbwerte nach INSPIRE/ICS: 201 155 203; Quelle: International Chronostratigraphic Chart, Juli 2018;Carnian;52;49;5;https://www.geokartieranleitung.de/desktopmodules/gkalist/api/13859db9-889c-4bbc-88f1-611073950eeb;13859db9-889c-4bbc-88f1-611073950eeb;http://inspire.ec.europa.eu/codelist/GeochronologicEraValue/carnian;True;16.08.2018
T2;Mitteltrias;Middle Triassic (older bound-247.2 Ma, younger bound-237 Ma; Serie/Series); RGB-Farbwerte nach INSPIRE/ICS: 177 104 177; Quelle: International Chronostratigraphic Chart, Juli 2018;Middle Triassic;53;48;4;https://www.geokartieranleitung.de/desktopmodules/gkalist/api/03d4448a-23b6-4d1f-8a1f-30ba540b2579;03d4448a-23b6-4d1f-8a1f-30ba540b2579;http://inspire.ec.europa.eu/codelist/GeochronologicEraValue/middleTriassic;True;16.08.2018
T2L;Ladinium;Ladinian (older bound-242 Ma, younger bound-237 Ma; Stufe/Stage); RGB-Farbwerte nach INSPIRE/ICS: 201 131 191; Quelle: International Chronostratigraphic Chart, Juli 2018;Ladinian;54;53;5;https://www.geokartieranleitung.de/desktopmodules/gkalist/api/3fef037a-c014-4d14-81cd-e162b19303ba;3fef037a-c014-4d14-81cd-e162b19303ba;http://inspire.ec.europa.eu/codelist/GeochronologicEraValue/ladinian;True;16.08.2018
T2A;Anisium;Anisian (older bound-247.2 Ma, younger bound-242 Ma; Stufe/Stage); RGB-Farbwerte nach INSPIRE/ICS: 188 117 183; Quelle: International Chronostratigraphic Chart, Juli 2018;Anisian;55;53;5;https://www.geokartieranleitung.de/desktopmodules/gkalist/api/81f7d3da-2960-4402-b3c9-7b6305e6e552;81f7d3da-2960-4402-b3c9-7b6305e6e552;http://inspire.ec.europa.eu/codelist/GeochronologicEraValue/anisian;True;16.08.2018
T1;Untertrias;Lower Triassic (older bound-251.902 +/-0.024 Ma, younger bound-247.2 Ma; Serie/Series); RGB-Farbwerte nach INSPIRE/ICS: 152 57 153; Quelle: International Chronostratigraphic Chart, Juli 2018;Lower Triassic;56;48;4;https://www.geokartieranleitung.de/desktopmodules/gkalist/api/9790371d-0c85-45da-a932-4d27ba029034;9790371d-0c85-45da-a932-4d27ba029034;http://inspire.ec.europa.eu/codelist/GeochronologicEraValue/earlyTriassic;True;16.08.2018
T1O;Olenekium;Olenekian (older bound-251.2 Ma, younger bound-247.2 Ma; Stufe/Stage); RGB-Farbwerte nach INSPIRE/ICS: 176 81 165; Quelle: International Chronostratigraphic Chart, Juli 2018;Olenekian;57;56;5;https://www.geokartieranleitung.de/desktopmodules/gkalist/api/da3f28dc-1267-4d59-8d25-f30b89510499;da3f28dc-1267-4d59-8d25-f30b89510499;http://inspire.ec.europa.eu/codelist/GeochronologicEraValue/olenekian;True;16.08.2018
T1I;Indusium;Induan (older bound-251.902 +/-0.024 Ma, younger bound-251.2 Ma; Stufe/Stage); RGB-Farbwerte nach INSPIRE/ICS: 164 70 159; Quelle: International Chronostratigraphic Chart, Juli 2018;Induan;58;56;5;https://www.geokartieranleitung.de/desktopmodules/gkalist/api/7da92e7d-e547-4771-bcbf-7540bdc3a4c0;7da92e7d-e547-4771-bcbf-7540bdc3a4c0;http://inspire.ec.europa.eu/codelist/GeochronologicEraValue/induan;True;16.08.2018
PZ;Paläozoikum;Paleozoic (older bound-541 +/-1 Ma, younger bound-251.902 +/-0.024 Ma; Ärathem/Erathem); RGB-Farbwerte nach INSPIRE/ICS: 153 192 141; Quelle: International Chronostratigraphic Chart, Juli 2018;Paleozoic;59;1;2;https://www.geokartieranleitung.de/desktopmodules/gkalist/api/4380ed78-fe3a-4f84-8df4-21796a309c29;4380ed78-fe3a-4f84-8df4-21796a309c29;http://inspire.ec.europa.eu/codelist/GeochronologicEraValue/paleozoic;True;16.08.2018
P;Perm;Permian (older bound-298.9 +/-0.15 Ma, younger bound-251.902 +/-0.024 Ma; System/System); RGB-Farbwerte nach INSPIRE/ICS: 240 64 40; Quelle: International Chronostratigraphic Chart, Juli 2018;Permian;60;59;3;https://www.geokartieranleitung.de/desktopmodules/gkalist/api/b7becaea-7b22-4b47-836a-fc3c3974dda6;b7becaea-7b22-4b47-836a-fc3c3974dda6;http://inspire.ec.europa.eu/codelist/GeochronologicEraValue/permian;True;16.08.2018
P3;Lopingium;Lopingian (older bound-259.1 +/-0.5 Ma, younger bound-251.902 +/-0.024 Ma; Serie/Series); RGB-Farbwerte nach INSPIRE/ICS: 252 167 148; Quelle: International Chronostratigraphic Chart, Juli 2018;Lopingian;61;60;4;https://www.geokartieranleitung.de/desktopmodules/gkalist/api/24d8bd41-1bdb-4a41-b6c9-9de8364ed0d6;24d8bd41-1bdb-4a41-b6c9-9de8364ed0d6;http://inspire.ec.europa.eu/codelist/GeochronologicEraValue/lopingian;True;16.08.2018
P3C;Changhsingium;Changhsingian (older bound-254.14 +/-0.07 Ma, younger bound-251.902 +/-0.024 Ma; Stufe/Stage); RGB-Farbwerte nach INSPIRE/ICS: 252 192 178; Quelle: International Chronostratigraphic Chart, Juli 2018;Changhsingian;62;61;5;https://www.geokartieranleitung.de/desktopmodules/gkalist/api/1e5d6c83-acc4-4c53-ae28-23beeca82b27;1e5d6c83-acc4-4c53-ae28-23beeca82b27;http://inspire.ec.europa.eu/codelist/GeochronologicEraValue/changhsingian;True;16.08.2018
P3W;Wuchiapingium;Wuchiapingian (older bound-259.1 +/-0.5 Ma, younger bound-254.14 +/-0.07 Ma; Stufe/Stage); RGB-Farbwerte nach INSPIRE/ICS: 252 180 162; Quelle: International Chronostratigraphic Chart, Juli 2018;Wuchiapingian;63;61;5;https://www.geokartieranleitung.de/desktopmodules/gkalist/api/41c1f176-f578-42f6-a518-6e6df599892a;41c1f176-f578-42f6-a518-6e6df599892a;http://inspire.ec.europa.eu/codelist/GeochronologicEraValue/wuchiapingian;True;16.08.2018
P2;Guadalupium;Guadalupian (older bound-272.95 +/-0.11 Ma, younger bound-259.1 +/-0.5 Ma; Serie/Series); RGB-Farbwerte nach INSPIRE/ICS: 252 116 92; Quelle: International Chronostratigraphic Chart, Juli 2018;Guadalupian;64;60;4;https://www.geokartieranleitung.de/desktopmodules/gkalist/api/76ddee6b-9484-4592-aeb5-7de53e9bc3b9;76ddee6b-9484-4592-aeb5-7de53e9bc3b9;http://inspire.ec.europa.eu/codelist/GeochronologicEraValue/guadalupian;True;16.08.2018
P2C;Capitanium;Capitanian (older bound-265.1 +/-0.4 Ma, younger bound-259.1 +/-0.5 Ma; Stufe/Stage); RGB-Farbwerte nach INSPIRE/ICS: 252 154 133; Quelle: International Chronostratigraphic Chart, Juli 2018;Capitanian;65;64;5;https://www.geokartieranleitung.de/desktopmodules/gkalist/api/baf65872-caa3-40ef-ae65-de8dca78b3c3;baf65872-caa3-40ef-ae65-de8dca78b3c3;http://inspire.ec.europa.eu/codelist/GeochronologicEraValue/capitanian;True;16.08.2018
P2W;Wordium;Wordian (older bound-268.8 +/-0.5 Ma, younger bound-265.1 +/-0.4 Ma; Stufe/Stage); RGB-Farbwerte nach INSPIRE/ICS: 252 141 118; Quelle: International Chronostratigraphic Chart, Juli 2018;Wordian;66;64;5;https://www.geokartieranleitung.de/desktopmodules/gkalist/api/c4bf24b9-46d4-4fa7-bc1a-f4724ace696f;c4bf24b9-46d4-4fa7-bc1a-f4724ace696f;http://inspire.ec.europa.eu/codelist/GeochronologicEraValue/wordian;True;16.08.2018
P2R;Roadium;Roadian (older bound-272.95 +/-0.11 Ma, younger bound-268.8 +/-0.5 Ma; Stufe/Stage); RGB-Farbwerte nach INSPIRE/ICS: 252 128 105; Quelle: International Chronostratigraphic Chart, Juli 2018;Roadian;67;64;5;https://www.geokartieranleitung.de/desktopmodules/gkalist/api/7fbb7f97-2c9e-414c-91b3-6c61c0a89050;7fbb7f97-2c9e-414c-91b3-6c61c0a89050;http://inspire.ec.europa.eu/codelist/GeochronologicEraValue/roadian;True;16.08.2018
P1;Cisuralium;Cisuralian (older bound-298.9 +/-0.15 Ma, younger bound-272.95 +/-0.11 Ma; Serie/Series); RGB-Farbwerte nach INSPIRE/ICS: 239 88 69; Quelle: International Chronostratigraphic Chart, Juli 2018;Cisuralian;68;60;4;https://www.geokartieranleitung.de/desktopmodules/gkalist/api/d05041cc-7fc6-4b4f-bb1a-69e7589f3e97;d05041cc-7fc6-4b4f-bb1a-69e7589f3e97;http://inspire.ec.europa.eu/codelist/GeochronologicEraValue/cisuralian;True;16.08.2018
P1K;Kungurium;Kungurian (older bound-283.5 +/-0.6 Ma, younger bound-272.95 +/-0.11 Ma; Stufe/Stage); RGB-Farbwerte nach INSPIRE/ICS: 227 135 118; Quelle: International Chronostratigraphic Chart, Juli 2018;Kungurian;69;68;5;https://www.geokartieranleitung.de/desktopmodules/gkalist/api/df0c7764-30bf-4f55-9e52-1f541c7e4af7;df0c7764-30bf-4f55-9e52-1f541c7e4af7;http://inspire.ec.europa.eu/codelist/GeochronologicEraValue/kungurian;True;16.08.2018
P1Ar;Artinskium;Artinskian (older bound-290.1 +/- 0.26 Ma, younger bound-283.5 +/-0.6 Ma; Stufe/Stage); RGB-Farbwerte nach INSPIRE/ICS: 227 123 104; Quelle: International Chronostratigraphic Chart, Juli 2018;Artinskian;70;68;5;https://www.geokartieranleitung.de/desktopmodules/gkalist/api/45ef3641-95fe-4984-b1e5-170c20e703cb;45ef3641-95fe-4984-b1e5-170c20e703cb;http://inspire.ec.europa.eu/codelist/GeochronologicEraValue/artinskian;True;16.08.2018
P1S;Sakmarium;Sakmarian (older bound-295 +/-0.18 Ma, younger bound-290.1 +/- 0.26 Ma; Stufe/Stage); RGB-Farbwerte nach INSPIRE/ICS: 227 111 92; Quelle: International Chronostratigraphic Chart, Juli 2018;Sakmarian;71;68;5;https://www.geokartieranleitung.de/desktopmodules/gkalist/api/7dab1c3b-c324-413f-ac59-aef0e8324fa8;7dab1c3b-c324-413f-ac59-aef0e8324fa8;http://inspire.ec.europa.eu/codelist/GeochronologicEraValue/sakmarian;True;16.08.2018
P1As;Asselium;Asselian (older bound-298.9 +/-0.15 Ma, younger bound-295 +/-0.18 Ma; Stufe/Stage); RGB-Farbwerte nach INSPIRE/ICS: 227 99 80; Quelle: International Chronostratigraphic Chart, Juli 2018;Asselian;72;68;5;https://www.geokartieranleitung.de/desktopmodules/gkalist/api/8e0c2562-54ac-405f-9436-8c0883a9979e;8e0c2562-54ac-405f-9436-8c0883a9979e;http://inspire.ec.europa.eu/codelist/GeochronologicEraValue/asselian;True;16.08.2018
C;Karbon;Carboniferous (older bound-358.9 +/- 0.4 Ma, younger bound-298.9 +/-0.15 Ma; System/System); RGB-Farbwerte nach INSPIRE/ICS: 103 165 153; Quelle: International Chronostratigraphic Chart, Juli 2018;Carboniferous;73;59;3;https://www.geokartieranleitung.de/desktopmodules/gkalist/api/4ceed73f-7ff8-40f8-bf65-73ef00bee813;4ceed73f-7ff8-40f8-bf65-73ef00bee813;http://inspire.ec.europa.eu/codelist/GeochronologicEraValue/carboniferous;True;16.08.2018
C2;Pennsylvanium;Pennsylvanian (older bound-323.2 +/-0.4 Ma, younger bound-298.9 +/-0.15 Ma; Serie/Series); RGB-Farbwerte nach INSPIRE/ICS: 153 194 181; Quelle: International Chronostratigraphic Chart, Juli 2018;Pennsylvanian;74;73;4;https://www.geokartieranleitung.de/desktopmodules/gkalist/api/cf4dc5bd-13ec-424f-99ea-adeee93ed214;cf4dc5bd-13ec-424f-99ea-adeee93ed214;http://inspire.ec.europa.eu/codelist/GeochronologicEraValue/pennsylvanian;True;16.08.2018
C2G;Gzhelium;Gzhelian (older bound-303.7 +/-0.1 Ma, younger bound-298.9 +/-0.15 Ma; Stufe/Stage); RGB-Farbwerte nach INSPIRE/ICS: 204 212 199; Quelle: International Chronostratigraphic Chart, Juli 2018;Gzhelian;75;74;5;https://www.geokartieranleitung.de/desktopmodules/gkalist/api/6fc18164-789f-4725-8856-8293d9720c1f;6fc18164-789f-4725-8856-8293d9720c1f;http://inspire.ec.europa.eu/codelist/GeochronologicEraValue/gzhelian;True;16.08.2018
C2K;Kasimovium;Kasimovian (older bound-307 +/-0.1 Ma, younger bound-303.7 +/-0.1 Ma; Stufe/Stage); RGB-Farbwerte nach INSPIRE/ICS: 191 208 197; Quelle: International Chronostratigraphic Chart, Juli 2018;Kasimovian;76;74;5;https://www.geokartieranleitung.de/desktopmodules/gkalist/api/c9d9e64d-5c2e-4f98-9a5c-dc2b0914aa0e;c9d9e64d-5c2e-4f98-9a5c-dc2b0914aa0e;http://inspire.ec.europa.eu/codelist/GeochronologicEraValue/kasimovian;True;16.08.2018
C2M;Moskovium;Moscovian (older bound-315.2 +/-0.2 Ma, younger bound-307 +/-0.1 Ma; Stufe/Stage); RGB-Farbwerte nach INSPIRE/ICS: 179 203 185; Quelle: International Chronostratigraphic Chart, Juli 2018;Moscovian;77;74;5;https://www.geokartieranleitung.de/desktopmodules/gkalist/api/8ee1793c-84df-4ea8-917c-5f7e19ec58a8;8ee1793c-84df-4ea8-917c-5f7e19ec58a8;http://inspire.ec.europa.eu/codelist/GeochronologicEraValue/moscovian;True;16.08.2018
C2B;Bashkirium;Bashkirian (older bound-323.2 +/-0.4 Ma, younger bound-315.2 +/-0.2 Ma; Stufe/Stage); RGB-Farbwerte nach INSPIRE/ICS: 153 194 181; Quelle: International Chronostratigraphic Chart, Juli 2018;Bashkirian;78;74;5;https://www.geokartieranleitung.de/desktopmodules/gkalist/api/0a008cf9-fe81-4d1b-9c7f-6bf4ed503606;0a008cf9-fe81-4d1b-9c7f-6bf4ed503606;http://inspire.ec.europa.eu/codelist/GeochronologicEraValue/bashkirian;True;16.08.2018
C1;Mississippium;Mississippian (older bound-358.9 +/- 0.4 Ma, younger bound-323.2 +/-0.4 Ma; Serie/Series); RGB-Farbwerte nach INSPIRE/ICS: 103 143 102; Quelle: International Chronostratigraphic Chart, Juli 2018;Mississippian;79;73;4;https://www.geokartieranleitung.de/desktopmodules/gkalist/api/1a6933be-4733-45e4-8722-a51ed7dfa816;1a6933be-4733-45e4-8722-a51ed7dfa816;http://inspire.ec.europa.eu/codelist/GeochronologicEraValue/mississippian;True;16.08.2018
C1S;Serpukhovium;Serpukhovian (older bound-330.9 +/-0.2 Ma, younger bound-323.2 +/-0.4 Ma; Stufe/Stage); RGB-Farbwerte nach INSPIRE/ICS: 191 194 107; Quelle: International Chronostratigraphic Chart, Juli 2018;Serpukhovian;80;79;5;https://www.geokartieranleitung.de/desktopmodules/gkalist/api/0e3a5d98-8c57-4291-b963-65053033c0dd;0e3a5d98-8c57-4291-b963-65053033c0dd;http://inspire.ec.europa.eu/codelist/GeochronologicEraValue/serpukhovian;True;16.08.2018
C1V;Viséum;Visean (older bound-346.7 +/- 0.4 Ma, younger bound-330.9 +/-0.2 Ma; Stufe/Stage); RGB-Farbwerte nach INSPIRE/ICS: 166 185 108; Quelle: International Chronostratigraphic Chart, Juli 2018;Viséan;81;79;5;https://www.geokartieranleitung.de/desktopmodules/gkalist/api/fac29a0d-37f9-441f-8e7c-b186019fbdf2;fac29a0d-37f9-441f-8e7c-b186019fbdf2;http://inspire.ec.europa.eu/codelist/GeochronologicEraValue/visean;True;16.08.2018
C1T;Tournaisium;Tournaisian (older bound-358.9 +/- 0.4 Ma, younger bound-346.7 +/- 0.4 Ma; Stufe/Stage); RGB-Farbwerte nach INSPIRE/ICS: 140 176 108; Quelle: International Chronostratigraphic Chart, Juli 2018;Tournaisian;82;79;5;https://www.geokartieranleitung.de/desktopmodules/gkalist/api/84bc77a8-6fc9-4755-9024-d12056a32a6a;84bc77a8-6fc9-4755-9024-d12056a32a6a;http://inspire.ec.europa.eu/codelist/GeochronologicEraValue/tournaisian;True;16.08.2018
D;Devon;Devonian (older bound-419.2 +/-3.2 Ma, younger bound-358.9 +/- 0.4 Ma; System/System); RGB-Farbwerte nach INSPIRE/ICS: 203 140 55; Quelle: International Chronostratigraphic Chart, Juli 2018;Devonian;83;59;3;https://www.geokartieranleitung.de/desktopmodules/gkalist/api/9886560f-cba6-47bc-8d19-39b83ad34e1f;9886560f-cba6-47bc-8d19-39b83ad34e1f;http://inspire.ec.europa.eu/codelist/GeochronologicEraValue/devonian;True;16.08.2018
D3;Oberdevon;Upper Devonian (older bound-382.7 +/-1.6 Ma, younger bound-358.9 +/- 0.4 Ma; Serie/Series); RGB-Farbwerte nach INSPIRE/ICS: 241 225 157; Quelle: International Chronostratigraphic Chart, Juli 2018;Upper Devonian;84;83;4;https://www.geokartieranleitung.de/desktopmodules/gkalist/api/fdd7073c-cb51-4ad8-b21c-f2522d869f01;fdd7073c-cb51-4ad8-b21c-f2522d869f01;http://inspire.ec.europa.eu/codelist/GeochronologicEraValue/lateDevonian;True;16.08.2018
D3Fm;Famennium;Famennian (older bound-372.2 +/-1.6 Ma, younger bound-358.9 +/- 0.4 Ma; Stufe/Stage); RGB-Farbwerte nach INSPIRE/ICS: 242 237 197; Quelle: International Chronostratigraphic Chart, Juli 2018;Famennian;85;84;5;https://www.geokartieranleitung.de/desktopmodules/gkalist/api/39e8b684-6be1-4af3-aaa1-580bdb960f3a;39e8b684-6be1-4af3-aaa1-580bdb960f3a;http://inspire.ec.europa.eu/codelist/GeochronologicEraValue/famennian;True;16.08.2018
D3Fr;Frasnium;Frasnian (older bound-382.7 +/-1.6 Ma, younger bound-372.2 +/-1.6 Ma; Stufe/Stage); RGB-Farbwerte nach INSPIRE/ICS: 242 237 173; Quelle: International Chronostratigraphic Chart, Juli 2018;Frasnian;86;84;5;https://www.geokartieranleitung.de/desktopmodules/gkalist/api/9cb2c029-6bff-4abc-b684-8a8fdae67d4f;9cb2c029-6bff-4abc-b684-8a8fdae67d4f;http://inspire.ec.europa.eu/codelist/GeochronologicEraValue/frasnian;True;16.08.2018
D2;Mitteldevon;Middle Devonian (older bound-393.3 +/-1.2 Ma, younger bound-382.7 +/-1.6 Ma; Serie/Series); RGB-Farbwerte nach INSPIRE/ICS: 241 200 104; Quelle: International Chronostratigraphic Chart, Juli 2018;Middle Devonian;87;83;4;https://www.geokartieranleitung.de/desktopmodules/gkalist/api/aefa9035-e385-4e1e-bf77-9ae4829711ad;aefa9035-e385-4e1e-bf77-9ae4829711ad;http://inspire.ec.europa.eu/codelist/GeochronologicEraValue/middleDevonian;True;16.08.2018
D2G;Givetium;Givetian (older bound-387.7 +/-0.8 Ma, younger bound-382.7 +/-1.6 Ma; Stufe/Stage); RGB-Farbwerte nach INSPIRE/ICS: 241 225 133; Quelle: International Chronostratigraphic Chart, Juli 2018;Givetian;88;87;5;https://www.geokartieranleitung.de/desktopmodules/gkalist/api/860a1413-4c17-4a21-b2db-18fc7be31142;860a1413-4c17-4a21-b2db-18fc7be31142;http://inspire.ec.europa.eu/codelist/GeochronologicEraValue/givetian;True;16.08.2018
D2E;Eifelium;Eifelian (older bound-393.3 +/-1.2 Ma, younger bound-387.7 +/-0.8 Ma; Stufe/Stage); RGB-Farbwerte nach INSPIRE/ICS: 241 213 118; Quelle: International Chronostratigraphic Chart, Juli 2018;Eifelian;89;87;5;https://www.geokartieranleitung.de/desktopmodules/gkalist/api/2c2f8dc6-c0e4-41dc-80c8-74ed5e667f27;2c2f8dc6-c0e4-41dc-80c8-74ed5e667f27;http://inspire.ec.europa.eu/codelist/GeochronologicEraValue/eifelian;True;16.08.2018
D1;Unterdevon;Lower Devonian (older bound-419.2 +/-3.2 Ma, younger bound-393.3 +/-1.2 Ma; Serie/Series); RGB-Farbwerte nach INSPIRE/ICS: 229 172 77; Quelle: International Chronostratigraphic Chart, Juli 2018;Lower Devonian;90;83;4;https://www.geokartieranleitung.de/desktopmodules/gkalist/api/bc5447e6-370b-4fa0-94ce-00f84c42d153;bc5447e6-370b-4fa0-94ce-00f84c42d153;http://inspire.ec.europa.eu/codelist/GeochronologicEraValue/earlyDevonian;True;16.08.2018
D1E;Emsium;Emsian (older bound-407.6 +/-2.6 Ma, younger bound-393.3 +/-1.2 Ma; Stufe/Stage); RGB-Farbwerte nach INSPIRE/ICS: 229 208 117; Quelle: International Chronostratigraphic Chart, Juli 2018;Emsian;91;90;5;https://www.geokartieranleitung.de/desktopmodules/gkalist/api/7df9c8fe-e418-43c4-bec3-47bd2e97f034;7df9c8fe-e418-43c4-bec3-47bd2e97f034;http://inspire.ec.europa.eu/codelist/GeochronologicEraValue/emsian;True;16.08.2018
D1P;Pragium;Pragian (older bound-410.8 +/-2.8 Ma, younger bound-407.6 +/-2.6 Ma; Stufe/Stage); RGB-Farbwerte nach INSPIRE/ICS: 229 196 104; Quelle: International Chronostratigraphic Chart, Juli 2018;Pragian;92;90;5;https://www.geokartieranleitung.de/desktopmodules/gkalist/api/64c853b8-5182-4e62-98af-1715cfc03a41;64c853b8-5182-4e62-98af-1715cfc03a41;http://inspire.ec.europa.eu/codelist/GeochronologicEraValue/pragian;True;16.08.2018
D1L;Lochkovium;Lochkovian (older bound-419.2 +/-3.2 Ma, younger bound-410.8 +/-2.8 Ma; Stufe/Stage); RGB-Farbwerte nach INSPIRE/ICS: 229 183 90; Quelle: International Chronostratigraphic Chart, Juli 2018;Lochkovian;93;90;5;https://www.geokartieranleitung.de/desktopmodules/gkalist/api/ce0a911f-548b-46c2-bcac-bad6cbba4e82;ce0a911f-548b-46c2-bcac-bad6cbba4e82;http://inspire.ec.europa.eu/codelist/GeochronologicEraValue/lochkovian;True;16.08.2018
S;Silur;Silurian (older bound-443.8 +/-1.5 Ma, younger bound-419.2 +/-3.2 Ma; System/System); RGB-Farbwerte nach INSPIRE/ICS: 179 225 182; Quelle: International Chronostratigraphic Chart, Juli 2018;Silurian;94;59;3;https://www.geokartieranleitung.de/desktopmodules/gkalist/api/80dcc33e-aaad-496e-bf5a-f2a12f6a62ee;80dcc33e-aaad-496e-bf5a-f2a12f6a62ee;http://inspire.ec.europa.eu/codelist/GeochronologicEraValue/silurian;True;16.08.2018
S4;Pridoli;Pridoli (older bound-423 +/-2.3 Ma, younger bound-419.2 +/-3.2 Ma; Serie/Series); RGB-Farbwerte nach INSPIRE/ICS: 230 245 225; Quelle: International Chronostratigraphic Chart, Juli 2018;Pridoli;95;94;4;https://www.geokartieranleitung.de/desktopmodules/gkalist/api/25a9e9c4-0077-4c05-bfef-2e4e87bdb102;25a9e9c4-0077-4c05-bfef-2e4e87bdb102;http://inspire.ec.europa.eu/codelist/GeochronologicEraValue/pridoli;True;16.08.2018
S3;Ludlow;Ludlow (older bound-427.4 +/-0.5 Ma, younger bound-423 +/-2.3 Ma; Serie/Series); RGB-Farbwerte nach INSPIRE/ICS: 191 230 207; Quelle: International Chronostratigraphic Chart, Juli 2018;Ludlow;96;94;4;https://www.geokartieranleitung.de/desktopmodules/gkalist/api/37df6cf8-1e05-46af-9803-7c420ac108d0;37df6cf8-1e05-46af-9803-7c420ac108d0;http://inspire.ec.europa.eu/codelist/GeochronologicEraValue/ludlow;True;16.08.2018
S3L;Ludfordium;Ludfordian (older bound-425.6 +/-0.9 Ma, younger bound-418.7 +/-2.7 Ma; Stufe/Stage); RGB-Farbwerte nach INSPIRE/ICS: 217 240 223; Quelle: International Chronostratigraphic Chart, Juli 2018;Ludfordian;152;96;5;https://www.geokartieranleitung.de/desktopmodules/gkalist/api/e9fcf121-2f87-47eb-b1bf-e70a3ffcb328;e9fcf121-2f87-47eb-b1bf-e70a3ffcb328;http://inspire.ec.europa.eu/codelist/GeochronologicEraValue/ludfordian;True;16.08.2018
S3G;Gorstium;Gorstian (older bound-427.4 +/-0.5 Ma, younger bound-425.6 +/-0.9 Ma; Stufe/Stage); RGB-Farbwerte nach INSPIRE/ICS: 204 236 221; Quelle: International Chronostratigraphic Chart, Juli 2018;Gorstian;153;96;5;https://www.geokartieranleitung.de/desktopmodules/gkalist/api/f4c93e96-b400-4c04-8b04-0662acf904dd;f4c93e96-b400-4c04-8b04-0662acf904dd;http://inspire.ec.europa.eu/codelist/GeochronologicEraValue/gorstian;True;16.08.2018
S2;Wenlock;Wenlock (older bound-433.4 +/-0.8 Ma, younger bound-427.4 +/-0.5 Ma; Serie/Series); RGB-Farbwerte nach INSPIRE/ICS: 179 225 194; Quelle: International Chronostratigraphic Chart, Juli 2018;Wenlock;97;94;4;https://www.geokartieranleitung.de/desktopmodules/gkalist/api/f7bd8c80-58ab-4333-8a33-369f1637bf0a;f7bd8c80-58ab-4333-8a33-369f1637bf0a;http://inspire.ec.europa.eu/codelist/GeochronologicEraValue/wenlock;True;16.08.2018
S2H;Homerium;Homerian (older bound-430.5 +/-0.7 Ma, younger bound-427.4 +/-0.5 Ma; Stufe/Stage); RGB-Farbwerte nach INSPIRE/ICS: 204 235 209; Quelle: International Chronostratigraphic Chart, Juli 2018;Homerian;154;97;5;https://www.geokartieranleitung.de/desktopmodules/gkalist/api/63865e90-13eb-443a-96d5-fdf5b3fc3395;63865e90-13eb-443a-96d5-fdf5b3fc3395;http://inspire.ec.europa.eu/codelist/GeochronologicEraValue/homerian;True;16.08.2018
S2S;Sheinwoodium;Sheinwoodian (older bound-433.4 +/-0.8 Ma, younger bound-430.5 +/-0.7 Ma; Stufe/Stage); RGB-Farbwerte nach INSPIRE/ICS: 191 230 195; Quelle: International Chronostratigraphic Chart, Juli 2018;Sheinwoodian;155;97;5;https://www.geokartieranleitung.de/desktopmodules/gkalist/api/62387f83-8fc7-4c2d-8891-4d584beffc17;62387f83-8fc7-4c2d-8891-4d584beffc17;http://inspire.ec.europa.eu/codelist/GeochronologicEraValue/sheinwoodian;True;16.08.2018
S1;Llandovery;Llandovery (older bound-443.8 +/-1.5 Ma, younger bound-433.4 +/-0.8 Ma; Serie/Series); RGB-Farbwerte nach INSPIRE/ICS: 153 215 179; Quelle: International Chronostratigraphic Chart, Juli 2018;Llandovery;98;94;4;https://www.geokartieranleitung.de/desktopmodules/gkalist/api/46e480cd-2025-4e89-ba1b-ecb4a311dcdd;46e480cd-2025-4e89-ba1b-ecb4a311dcdd;http://inspire.ec.europa.eu/codelist/GeochronologicEraValue/llandovery;True;16.08.2018
S1T;Telychium;Telychian (older bound-438.5 +/-1.1 Ma, younger bound-433.4 +/-0.8 Ma; Stufe/Stage); RGB-Farbwerte nach INSPIRE/ICS: 191 230 207; Quelle: International Chronostratigraphic Chart, Juli 2018;Telychian;156;98;5;https://www.geokartieranleitung.de/desktopmodules/gkalist/api/ef6718f2-375d-469c-b723-dccb2f0557ac;ef6718f2-375d-469c-b723-dccb2f0557ac;http://inspire.ec.europa.eu/codelist/GeochronologicEraValue/telychian;True;16.08.2018
S1A;Aeronium;Aeronian (older bound-440.8 +/-1.2 Ma, younger bound-438.5 +/-1.1 Ma; Stufe/Stage); RGB-Farbwerte nach INSPIRE/ICS: 179 225 194; Quelle: International Chronostratigraphic Chart, Juli 2018;Aeronian;157;98;5;https://www.geokartieranleitung.de/desktopmodules/gkalist/api/3255d51b-8813-4b04-a835-83e44aa66777;3255d51b-8813-4b04-a835-83e44aa66777;http://inspire.ec.europa.eu/codelist/GeochronologicEraValue/aeronian;True;16.08.2018
S1R;Rhuddanium;Rhuddanian (older bound-443.8 +/-1.5 Ma, younger bound-440.8 +/-1.2 Ma; Stufe/Stage); RGB-Farbwerte nach INSPIRE/ICS: 166 220 181; Quelle: International Chronostratigraphic Chart, Juli 2018;Rhuddanian;158;98;5;https://www.geokartieranleitung.de/desktopmodules/gkalist/api/936a31ab-6757-4a35-8ac9-76900c887592;936a31ab-6757-4a35-8ac9-76900c887592;http://inspire.ec.europa.eu/codelist/GeochronologicEraValue/rhuddanian;True;16.08.2018
O;Ordovizium;Ordovician (older bound-485.4 +/-1.9 Ma, younger bound-443.8 +/-1.5 Ma; System/System); RGB-Farbwerte nach INSPIRE/ICS: 0 146 112; Quelle: International Chronostratigraphic Chart, Juli 2018;Ordovician;99;59;3;https://www.geokartieranleitung.de/desktopmodules/gkalist/api/63b3433a-74e1-49f2-a35b-7651fc51ef47;63b3433a-74e1-49f2-a35b-7651fc51ef47;http://inspire.ec.europa.eu/codelist/GeochronologicEraValue/ordovician;True;16.08.2018
O3;Oberordovizium;Upper Ordovician (older bound-458.4 +/-0.9 Ma, younger bound-443.8 +/-1.5 Ma; Serie/Series); RGB-Farbwerte nach INSPIRE/ICS: 127 202 147; Quelle: International Chronostratigraphic Chart, Juli 2018;Upper Ordovician;100;99;4;https://www.geokartieranleitung.de/desktopmodules/gkalist/api/0db790b6-997a-4d5d-97b5-f14a20af8cf7;0db790b6-997a-4d5d-97b5-f14a20af8cf7;http://inspire.ec.europa.eu/codelist/GeochronologicEraValue/lateOrdovician;True;16.08.2018
O3H;Hirnantium;Hirnantian (older bound-445.2 +/-1.4 Ma, younger bound-443.8 +/-1.5 Ma; Stufe/Stage); RGB-Farbwerte nach INSPIRE/ICS: 166 219 171; Quelle: International Chronostratigraphic Chart, Juli 2018;Hirnantian;101;100;5;https://www.geokartieranleitung.de/desktopmodules/gkalist/api/153cccbf-47f0-4b7a-90d7-2159cbb4dd93;153cccbf-47f0-4b7a-90d7-2159cbb4dd93;http://inspire.ec.europa.eu/codelist/GeochronologicEraValue/hirnantian;True;16.08.2018
O3K;Katium;Katian (older bound-453 +/-0.7 Ma, younger bound-445.2 +/-1.4 Ma; Stufe/Stage); RGB-Farbwerte nach INSPIRE/ICS: 153 214 159; Quelle: International Chronostratigraphic Chart, Juli 2018;Katian;102;100;5;https://www.geokartieranleitung.de/desktopmodules/gkalist/api/385ad82a-aefb-485e-b02b-8c838764ebf1;385ad82a-aefb-485e-b02b-8c838764ebf1;http://inspire.ec.europa.eu/codelist/GeochronologicEraValue/katian;True;16.08.2018
O3S;Sandbium;Sandbian (older bound-458.4 +/-0.9, younger bound-453 +/-0.7 Ma; Stufe/Stage); RGB-Farbwerte nach INSPIRE/ICS: 140 208 148; Quelle: International Chronostratigraphic Chart, Juli 2018;Sandbian;103;100;5;https://www.geokartieranleitung.de/desktopmodules/gkalist/api/07c5bba3-ce5b-4092-b602-f479514d20c9;07c5bba3-ce5b-4092-b602-f479514d20c9;http://inspire.ec.europa.eu/codelist/GeochronologicEraValue/sandbian;True;16.08.2018
O2;Mittelordovizium;Middle Ordovician (older bound-470 +/-1.4 Ma, younger bound-458.4 +/-0.9 Ma; Serie/Series); RGB-Farbwerte nach INSPIRE/ICS: 77 180 126; Quelle: International Chronostratigraphic Chart, Juli 2018;Middle Ordovician;104;99;4;https://www.geokartieranleitung.de/desktopmodules/gkalist/api/39016383-9221-43c5-8ea4-cf154c8ef728;39016383-9221-43c5-8ea4-cf154c8ef728;http://inspire.ec.europa.eu/codelist/GeochronologicEraValue/middleOrdovician;True;16.08.2018
O2D;Darriwilium;Darriwilian (older bound-467.3 +/-1.1 Ma, younger bound-458.4 +/-0.9 Ma; Stufe/Stage); RGB-Farbwerte nach INSPIRE/ICS: 116 198 156; Quelle: International Chronostratigraphic Chart, Juli 2018;Darriwilian;105;104;5;https://www.geokartieranleitung.de/desktopmodules/gkalist/api/91b66389-2d46-4c65-94f0-369b42763483;91b66389-2d46-4c65-94f0-369b42763483;http://inspire.ec.europa.eu/codelist/GeochronologicEraValue/darriwilian;True;16.08.2018
O2Dp;Dapingium;Dapingian (older bound-470 +/-1.4 Ma, younger bound-467.3 +/-1.1 Ma; Stufe/Stage); RGB-Farbwerte nach INSPIRE/ICS: 102 192 146; Quelle: International Chronostratigraphic Chart, Juli 2018;Dapingian;106;104;5;https://www.geokartieranleitung.de/desktopmodules/gkalist/api/c0dd1480-cc9c-4adf-86ee-6bf245fc04f2;c0dd1480-cc9c-4adf-86ee-6bf245fc04f2;http://inspire.ec.europa.eu/codelist/GeochronologicEraValue/dapingian;True;16.08.2018
O1;Unterordovizium;Lower Ordovician (older bound-485.4 +/-1.9 Ma, younger bound-470 +/-1.4 Ma; Serie/Series); RGB-Farbwerte nach INSPIRE/ICS: 26 157 111; Quelle: International Chronostratigraphic Chart, Juli 2018;Lower Ordovician;107;99;4;https://www.geokartieranleitung.de/desktopmodules/gkalist/api/961d39c5-6880-433d-9391-80ceca70df19;961d39c5-6880-433d-9391-80ceca70df19;http://inspire.ec.europa.eu/codelist/GeochronologicEraValue/earlyOrdovician;True;16.08.2018
O1F;Floium;Floian (older bound-477.7 +/-1.4 Ma, younger bound-470 +/-1.4 Ma; Stufe/Stage); RGB-Farbwerte nach INSPIRE/ICS: 65 176 135; Quelle: International Chronostratigraphic Chart, Juli 2018;Floian;108;107;5;https://www.geokartieranleitung.de/desktopmodules/gkalist/api/d48fe305-bccc-4ddd-b683-6b121f1d4039;d48fe305-bccc-4ddd-b683-6b121f1d4039;http://inspire.ec.europa.eu/codelist/GeochronologicEraValue/floian;True;16.08.2018
O1T;Tremadocium;Tremadocian (older bound-485.4 +/-1.9 Ma, younger bound-477.7 +/-1.4 Ma; Stufe/Stage); RGB-Farbwerte nach INSPIRE/ICS: 51 169 126; Quelle: International Chronostratigraphic Chart, Juli 2018;Tremadocian;109;107;5;https://www.geokartieranleitung.de/desktopmodules/gkalist/api/1a8978d9-4540-4b2a-a570-e7752d0275fb;1a8978d9-4540-4b2a-a570-e7752d0275fb;http://inspire.ec.europa.eu/codelist/GeochronologicEraValue/tremadocian;True;16.08.2018
Cb;Kambrium;Cambrian (older bound-541 +/-1 Ma, younger bound-485.4 +/-1.9 Ma; System/System); RGB-Farbwerte nach INSPIRE/ICS: 127 160 86; Quelle: International Chronostratigraphic Chart, Juli 2018;Cambrian;110;59;3;https://www.geokartieranleitung.de/desktopmodules/gkalist/api/3b65b7e0-6216-437a-b677-cec28956a12c;3b65b7e0-6216-437a-b677-cec28956a12c;http://inspire.ec.europa.eu/codelist/GeochronologicEraValue/cambrian;True;16.08.2018
CbF;Furongium;Furongian (older bound-497.0 Ma, younger bound-485.4 +/-1.9 Ma; Serie/Series); RGB-Farbwerte nach INSPIRE/ICS: 179 224 149; Quelle: International Chronostratigraphic Chart, Juli 2018;Furongian;111;110;4;https://www.geokartieranleitung.de/desktopmodules/gkalist/api/5d96aba3-cdf3-41eb-8a09-23dd27562ccf;5d96aba3-cdf3-41eb-8a09-23dd27562ccf;http://inspire.ec.europa.eu/codelist/GeochronologicEraValue/furongian;True;16.08.2018
CbF10;Stufe 10;Cambrian-Stage 10 (older bound-489.5 Ma, younger bound-485.4 +/-1.9 Ma; Stufe/Stage); RGB-Farbwerte nach INSPIRE/ICS: 230 245 201; Quelle: International Chronostratigraphic Chart, Juli 2018;Cambrian Stage 10;125;111;5;https://www.geokartieranleitung.de/desktopmodules/gkalist/api/b358bf4f-ae1d-49e7-be4b-e62697b122da;b358bf4f-ae1d-49e7-be4b-e62697b122da;http://inspire.ec.europa.eu/codelist/GeochronologicEraValue/cambrianStage10;True;16.08.2018
CbFJ;Jiangshanium;Jiangshanian (older bound-494.0 Ma, younger bound-489.5 Ma; Stufe/Stage); RGB-Farbwerte nach INSPIRE/ICS: 217 240 187; Quelle: International Chronostratigraphic Chart, Juli 2018;Jiangshanian;126;111;5;https://www.geokartieranleitung.de/desktopmodules/gkalist/api/b89b5ad3-620e-49a8-b896-8f54ae623349;b89b5ad3-620e-49a8-b896-8f54ae623349;http://inspire.ec.europa.eu/codelist/GeochronologicEraValue/cambrianStage9;True;16.08.2018
CbFP;Piabium;Paibian (older bound-497.0 Ma, younger bound-494.0 Ma; Stufe/Stage); RGB-Farbwerte nach INSPIRE/ICS: 204 235 174; Quelle: International Chronostratigraphic Chart, Juli 2018;Piabian;127;111;5;https://www.geokartieranleitung.de/desktopmodules/gkalist/api/c371d165-e9e3-4aaf-b7d8-c81c12284413;c371d165-e9e3-4aaf-b7d8-c81c12284413;http://inspire.ec.europa.eu/codelist/GeochronologicEraValue/paibian;True;16.08.2018
Cb2;Serie2;Cambrian-Series 2 (older bound-521.0 Ma, younger bound-509 Ma; Serie/Series); RGB-Farbwerte nach INSPIRE/ICS: 153 192 120; Quelle: International Chronostratigraphic Chart, Juli 2018;Cambrian-Series 2;112;110;4;https://www.geokartieranleitung.de/desktopmodules/gkalist/api/8a967175-7949-47f8-9029-5d65e0d67699;8a967175-7949-47f8-9029-5d65e0d67699;http://inspire.ec.europa.eu/codelist/GeochronologicEraValue/cambrianSeries2;True;16.08.2018
Cb2S4;Stufe 4;Cambrian-Stage 4 (older bound-514.0 Ma, younger bound-509 Ma; Stufe/Stage); RGB-Farbwerte nach INSPIRE/ICS: 179 202 142; Quelle: International Chronostratigraphic Chart, Juli 2018;Cambrian-Stage 4;131;112;5;https://www.geokartieranleitung.de/desktopmodules/gkalist/api/d1997b0f-c625-4bca-85be-91a6ada70ed6;d1997b0f-c625-4bca-85be-91a6ada70ed6;http://inspire.ec.europa.eu/codelist/GeochronologicEraValue/cambrianStage4;True;16.08.2018
Cb2S3;Stufe 3;Cambrian-Stage 3 (older bound-521.0 Ma, younger bound-514.0 Ma; Stufe/Stage); RGB-Farbwerte nach INSPIRE/ICS: 166 197 131; Quelle: International Chronostratigraphic Chart, Juli 2018;Cambrian-Stage 3;132;112;5;https://www.geokartieranleitung.de/desktopmodules/gkalist/api/8bcb73d0-3630-45f3-86e0-1fb23b748877;8bcb73d0-3630-45f3-86e0-1fb23b748877;http://inspire.ec.europa.eu/codelist/GeochronologicEraValue/cambrianStage3;True;16.08.2018
CbT;Terreneuvium;Terreneuvian (older bound-541 +/-1 Ma, younger bound-521.0 Ma; Serie/Series); RGB-Farbwerte nach INSPIRE/ICS: 140 176 108; Quelle: International Chronostratigraphic Chart, Juli 2018;Terreneuvian;113;110;4;https://www.geokartieranleitung.de/desktopmodules/gkalist/api/b4d24e24-a0b0-4afe-b7c3-4adc1230e77f;b4d24e24-a0b0-4afe-b7c3-4adc1230e77f;http://inspire.ec.europa.eu/codelist/GeochronologicEraValue/terreneuvian;True;16.08.2018
CbT2;Stufe 2;Cambrian-Stage 2 (older bound-529.0 Ma, younger bound-521.0 Ma; Stufe/Stage); RGB-Farbwerte nach INSPIRE/ICS: 166 186 128; Quelle: International Chronostratigraphic Chart, Juli 2018;Cambrian-Stage 2;133;113;5;https://www.geokartieranleitung.de/desktopmodules/gkalist/api/920db590-f8a9-4151-acb3-be566d61ca9b;920db590-f8a9-4151-acb3-be566d61ca9b;http://inspire.ec.europa.eu/codelist/GeochronologicEraValue/cambrianStage2;True;16.08.2018
CbTF;Fortunium;Fortunian (older bound-541 +/-1 Ma, younger bound-529.0 Ma; Stufe/Stage); RGB-Farbwerte nach INSPIRE/ICS: 153 181 117; Quelle: International Chronostratigraphic Chart, Juli 2018;Fortunian;134;113;5;https://www.geokartieranleitung.de/desktopmodules/gkalist/api/e1a64a14-3453-4c16-b082-0dec2f4f04be;e1a64a14-3453-4c16-b082-0dec2f4f04be;http://inspire.ec.europa.eu/codelist/GeochronologicEraValue/fortunian;True;16.08.2018
CbM;Mialogium;Mialongian (older bound-509.0 Ma, younger bound-497.0 Ma; Serie/Series); RGB-Farbwerte nach INSPIRE/ICS: 166 207 134; Quelle: International Chronostratigraphic Chart, Juli 2018;Mialongian;124;110;4;https://www.geokartieranleitung.de/desktopmodules/gkalist/api/2304cc8e-dff3-4d8e-95f3-e53669345711;2304cc8e-dff3-4d8e-95f3-e53669345711;http://inspire.ec.europa.eu/codelist/GeochronologicEraValue/cambrianSeries3;True;16.08.2018
CbMG;Guzhangium;Guzhangian (older bound-500.5 Ma, younger bound-497.0 Ma; Stufe/Stage); RGB-Farbwerte nach INSPIRE/ICS: 204 223 170; Quelle: International Chronostratigraphic Chart, Juli 2018;Guzhangian;128;124;5;https://www.geokartieranleitung.de/desktopmodules/gkalist/api/31335105-8764-4b9d-9922-e774bd84a8f1;31335105-8764-4b9d-9922-e774bd84a8f1;http://inspire.ec.europa.eu/codelist/GeochronologicEraValue/guzhangian;True;16.08.2018
CbMD;Drumium;Drumian (older bound-504.5 Ma, younger bound-500.5 Ma; Stufe/Stage); RGB-Farbwerte nach INSPIRE/ICS: 191 217 157; Quelle: International Chronostratigraphic Chart, Juli 2018;Drumian;129;124;5;https://www.geokartieranleitung.de/desktopmodules/gkalist/api/83fccae9-fee5-4422-bebe-0c541f82d1d9;83fccae9-fee5-4422-bebe-0c541f82d1d9;http://inspire.ec.europa.eu/codelist/GeochronologicEraValue/drumian;True;16.08.2018
CbMW;Wuliuium;Wuliuan (older bound-509 Ma, younger bound-504.5 Ma; Stufe/Stage); RGB-Farbwerte nach INSPIRE/ICS: 179 212 146; Quelle: International Chronostratigraphic Chart, Juli 2018;Wuluian;130;124;5;https://www.geokartieranleitung.de/desktopmodules/gkalist/api/3dde9098-b4f7-43ca-9389-d735c324c558;3dde9098-b4f7-43ca-9389-d735c324c558;http://inspire.ec.europa.eu/codelist/GeochronologicEraValue/cambrianSeries3Stage5;True;16.08.2018
nb;nicht eingestuft;RGB-Farbwerte: 255 255 255;unclassified;122;;1;https://www.geokartieranleitung.de/desktopmodules/gkalist/api/3ee44f9e-daa9-4b66-9c87-3c31db3d5a64;3ee44f9e-daa9-4b66-9c87-3c31db3d5a64;;True;16.08.2018
Pcb;Präkambrium;Precambrian (older bound-4600.0 Ma, younger bound-541 +/-1 Ma; Äonothem/Eonothem); RGB-Farbwerte nach INSPIRE/ICS: 247 67 112; Quelle: International Chronostratigraphic Chart, Juli 2018;Precambrian;159;;1;https://www.geokartieranleitung.de/desktopmodules/gkalist/api/9e507286-42cc-44ba-8c92-0c1f8e0dcc6d;9e507286-42cc-44ba-8c92-0c1f8e0dcc6d;http://inspire.ec.europa.eu/codelist/GeochronologicEraValue/precambrian;True;16.08.2018
PR;Proterozoikum;Proterozoic (older bound-2500.0 Ma, younger bound-541 +/-1 Ma; Äonothem/Eonothem); RGB-Farbwerte nach INSPIRE/ICS: 247 53 99; Quelle: International Chronostratigraphic Chart, Juli 2018;Proterozoic;114;159;2;https://www.geokartieranleitung.de/desktopmodules/gkalist/api/be8909f8-4966-4b89-b734-8b817d5950bb;be8909f8-4966-4b89-b734-8b817d5950bb;http://inspire.ec.europa.eu/codelist/GeochronologicEraValue/proterozoic;True;16.08.2018
NP;Neoproterozoikum;Neoproterozoic (older bound-1000.0 Ma, younger bound-541 +/-1 Ma; Ärathem/Erathem); RGB-Farbwerte nach INSPIRE/ICS: 254 179 66; Quelle: International Chronostratigraphic Chart, Juli 2018;Neoproterozoic;115;114;3;https://www.geokartieranleitung.de/desktopmodules/gkalist/api/81753d8f-b94c-49f0-96fe-fa88b7eac912;81753d8f-b94c-49f0-96fe-fa88b7eac912;http://inspire.ec.europa.eu/codelist/GeochronologicEraValue/neoproterozoic;True;16.08.2018
NP3;Ediacarium;Ediacaran (older bound-635.0 Ma, younger bound-541 +/-1 Ma; System/System); RGB-Farbwerte nach INSPIRE/ICS: 254 217 106; Quelle: International Chronostratigraphic Chart, Juli 2018;Ediacaran;116;115;4;https://www.geokartieranleitung.de/desktopmodules/gkalist/api/2d99033f-d3d5-41e5-bde5-eef6b86d616a;2d99033f-d3d5-41e5-bde5-eef6b86d616a;http://inspire.ec.europa.eu/codelist/GeochronologicEraValue/ediacaran;True;16.08.2018
NP2;Kryogenium;Cryogenian (older bound-720.0 Ma, younger bound-635.0 Ma; System/System); RGB-Farbwerte nach INSPIRE/ICS: 254 204 92; Quelle: International Chronostratigraphic Chart, Juli 2018;Cryogenian;117;115;4;https://www.geokartieranleitung.de/desktopmodules/gkalist/api/185a327f-ae0c-4496-a798-c1d8670a3f7f;185a327f-ae0c-4496-a798-c1d8670a3f7f;http://inspire.ec.europa.eu/codelist/GeochronologicEraValue/cryogenian;True;16.08.2018
NP1;Tonium;Tonian (older bound-1000.0 Ma, younger bound-720.0 Ma; System/System); RGB-Farbwerte nach INSPIRE/ICS: 254 191 78; Quelle: International Chronostratigraphic Chart, Juli 2018;Tonian;118;115;4;https://www.geokartieranleitung.de/desktopmodules/gkalist/api/4df69724-4da9-404d-8de0-313f641a6c85;4df69724-4da9-404d-8de0-313f641a6c85;http://inspire.ec.europa.eu/codelist/GeochronologicEraValue/tonian;True;16.08.2018
NP1T2;Tonium 2;Tonian 2 * (older bound-910.0 Ma, younger bound-720.0 Ma; Serie/Series); RGB-Farbwerte nach INSPIRE/ICS: 255 204 89; Quelle: OneGeologyEuropeVocabulary (1GEAges);Tonian 2 *;160;118;5;https://www.geokartieranleitung.de/desktopmodules/gkalist/api/b4b7a5ec-eb4f-4a15-89d4-ef9b581f69cd;b4b7a5ec-eb4f-4a15-89d4-ef9b581f69cd;http://inspire.ec.europa.eu/codelist/GeochronologicEraValue/tonian2;False;16.08.2018
NP1T1;Tonium 1;Tonian 1 * (older bound-1000.0 Ma, younger bound-910.0 Ma; Serie/Series); RGB-Farbwerte nach INSPIRE/ICS: 254 191 78; Quelle: OneGeologyEuropeVocabulary (1GEAges);Tonian 1 *;161;118;5;https://www.geokartieranleitung.de/desktopmodules/gkalist/api/8d04ae99-1cc8-4704-b6fa-dfbad4a45a8a;8d04ae99-1cc8-4704-b6fa-dfbad4a45a8a;http://inspire.ec.europa.eu/codelist/GeochronologicEraValue/tonian1;False;16.08.2018
MP;Mesoproterozoikum;Mesoproterozoic (older bound-1600.0 Ma, younger bound-1000.0 Ma; Ärathem/Erathem); RGB-Farbwerte nach INSPIRE/ICS: 253 180 98; Quelle: International Chronostratigraphic Chart, Juli 2018;Mesoproterozoic;119;114;3;https://www.geokartieranleitung.de/desktopmodules/gkalist/api/d000df55-0e6e-49ce-bb6c-a8f13ba7dbbb;d000df55-0e6e-49ce-bb6c-a8f13ba7dbbb;http://inspire.ec.europa.eu/codelist/GeochronologicEraValue/mesoproterozoic;True;16.08.2018
MP3;Stenium;Stenian (older bound-1200.0 Ma, younger bound-1000.0 Ma; System/System); RGB-Farbwerte nach INSPIRE/ICS: 254 217 154; Quelle: International Chronostratigraphic Chart, Juli 2018;Stenian;162;119;4;https://www.geokartieranleitung.de/desktopmodules/gkalist/api/394b01cd-48ab-4036-8566-8358e7d4db18;394b01cd-48ab-4036-8566-8358e7d4db18;http://inspire.ec.europa.eu/codelist/GeochronologicEraValue/stenian;True;16.08.2018
MP4S2;Stenium 2;Stenian 2 * (older bound-1130.0 Ma, younger bound-1000.0 Ma; Serie/Series); RGB-Farbwerte nach INSPIRE/ICS: 255 224 178; Quelle: OneGeologyEuropeVocabulary (1GEAges);Stenian 2 *;163;162;5;https://www.geokartieranleitung.de/desktopmodules/gkalist/api/2bdec830-f885-4010-abe5-c357a6dd0c52;2bdec830-f885-4010-abe5-c357a6dd0c52;http://inspire.ec.europa.eu/codelist/GeochronologicEraValue/stenian2;False;16.08.2018
MP3S1;Stenium 1;Stenian 1 * (older bound-1200.0 Ma, younger bound-1130.0 Ma; Serie/Series); RGB-Farbwerte nach INSPIRE/ICS: 254 217 154; Quelle: OneGeologyEuropeVocabulary (1GEAges);Stenian 1 *;164;162;5;https://www.geokartieranleitung.de/desktopmodules/gkalist/api/28b5d776-539a-4a49-9c97-4bf1945551bb;28b5d776-539a-4a49-9c97-4bf1945551bb;http://inspire.ec.europa.eu/codelist/GeochronologicEraValue/stenian1;False;16.08.2018
MP2;Ectasium;Ectasian (older bound-1400.0 Ma, younger bound-1200.0 Ma; System/System); RGB-Farbwerte nach INSPIRE/ICS: 253 204 138; Quelle: International Chronostratigraphic Chart, Juli 2018;Ectasian;165;119;4;https://www.geokartieranleitung.de/desktopmodules/gkalist/api/cc64e424-abcf-4098-b43e-4af3b1b5cc88;cc64e424-abcf-4098-b43e-4af3b1b5cc88;http://inspire.ec.europa.eu/codelist/GeochronologicEraValue/ectasian;True;16.08.2018
MP3E4;Ectasium 4;Ectasian 4 * (older bound-1250.0 Ma, younger bound-1200.0 Ma; Serie/Series); RGB-Farbwerte nach INSPIRE/ICS: 250 209 184; Quelle: OneGeologyEuropeVocabulary (1GEAges);Ectasian 4 *;166;165;5;https://www.geokartieranleitung.de/desktopmodules/gkalist/api/b8d2ee7a-176d-4c22-9a89-89c2b6183d39;b8d2ee7a-176d-4c22-9a89-89c2b6183d39;http://inspire.ec.europa.eu/codelist/GeochronologicEraValue/ectasian4;False;16.08.2018
MP2E3;Ectasium 3;Ectasian 3 * (older bound-1270.0 Ma, younger bound-1250.0 Ma; Serie/Series); RGB-Farbwerte nach INSPIRE/ICS: 247 199 173; Quelle: OneGeologyEuropeVocabulary (1GEAges);Ectasian 3 *;167;165;5;https://www.geokartieranleitung.de/desktopmodules/gkalist/api/6fc7e5b3-89e6-4f94-9ad1-b42273f2a77c;6fc7e5b3-89e6-4f94-9ad1-b42273f2a77c;http://inspire.ec.europa.eu/codelist/GeochronologicEraValue/ectasian3;False;16.08.2018
MP2E2;Ectasium 2;Ectasian 2 * (older bound-1360.0 Ma, younger bound-1270.0 Ma; Serie/Series); RGB-Farbwerte nach INSPIRE/ICS: 245 189 163; Quelle: OneGeologyEuropeVocabulary (1GEAges);Ectasian 2 *;168;165;5;https://www.geokartieranleitung.de/desktopmodules/gkalist/api/11769137-3faa-48ac-b497-293734c48ef6;11769137-3faa-48ac-b497-293734c48ef6;http://inspire.ec.europa.eu/codelist/GeochronologicEraValue/ectasian2;False;16.08.2018
MP2E1;Ectasium 1;Ectasian 1 * (older bound-1400.0 Ma, younger bound-1360.0 Ma; Serie/Series); RGB-Farbwerte nach INSPIRE/ICS: 242 178 153; Quelle: OneGeologyEuropeVocabulary (1GEAges);Ectasian 1 *;169;165;5;https://www.geokartieranleitung.de/desktopmodules/gkalist/api/225b2811-7090-4161-be9f-4ccb439c3899;225b2811-7090-4161-be9f-4ccb439c3899;http://inspire.ec.europa.eu/codelist/GeochronologicEraValue/ectasian1;False;16.08.2018
MP1;Calymmium;Calymmian (older bound-1600.0 Ma, younger bound-1400.0 Ma; System/System); RGB-Farbwerte nach INSPIRE/ICS: 253 192 122; Quelle: International Chronostratigraphic Chart, Juli 2018;Calymmian;170;119;4;https://www.geokartieranleitung.de/desktopmodules/gkalist/api/fedff09b-47a1-412d-a214-9bb5fca98b8a;fedff09b-47a1-412d-a214-9bb5fca98b8a;http://inspire.ec.europa.eu/codelist/GeochronologicEraValue/calymmian;True;16.08.2018
MP1C4;Calymmium 4;Calymmian 4 * (older bound-1440.0 Ma, younger bound-1400.0 Ma; Serie/Series); RGB-Farbwerte nach INSPIRE/ICS: 232 222 153; Quelle: OneGeologyEuropeVocabulary (1GEAges);Calymmian 4 *;171;170;5;https://www.geokartieranleitung.de/desktopmodules/gkalist/api/e8ea8bef-115d-4479-ba48-1544318deb77;e8ea8bef-115d-4479-ba48-1544318deb77;http://inspire.ec.europa.eu/codelist/GeochronologicEraValue/calymmian4;False;16.08.2018
MP1C3;Calymmium 3;Calymmian 3 * (older bound-1470.0 Ma, younger bound-1440.0 Ma; Serie/Series); RGB-Farbwerte nach INSPIRE/ICS: 227 212 140; Quelle: OneGeologyEuropeVocabulary (1GEAges);Calymmian 3 *;172;170;5;https://www.geokartieranleitung.de/desktopmodules/gkalist/api/906b0c30-224a-401c-8251-924e499da78b;906b0c30-224a-401c-8251-924e499da78b;http://inspire.ec.europa.eu/codelist/GeochronologicEraValue/calymmian3;False;16.08.2018
MP1C2;Calymmium 2;Calymmian 2 * (older bound-1520.0 Ma, younger bound-1470.0 Ma; Serie/Series); RGB-Farbwerte nach INSPIRE/ICS: 222 201 128; Quelle: OneGeologyEuropeVocabulary (1GEAges);Calymmian 2 *;173;170;5;https://www.geokartieranleitung.de/desktopmodules/gkalist/api/31d7e513-37ae-4505-a6bf-de8ec997bff9;31d7e513-37ae-4505-a6bf-de8ec997bff9;http://inspire.ec.europa.eu/codelist/GeochronologicEraValue/calymmian2;False;16.08.2018
MP1C1;Calymmium 1;Calymmian 1 * (older bound-1600.0 Ma, younger bound-1520.0 Ma; Serie/Series); RGB-Farbwerte nach INSPIRE/ICS: 217 191 115; Quelle: OneGeologyEuropeVocabulary (1GEAges);Calymmian 1 *;174;170;5;https://www.geokartieranleitung.de/desktopmodules/gkalist/api/075eaaf3-53e0-43cf-9a2b-304be71bd9cf;075eaaf3-53e0-43cf-9a2b-304be71bd9cf;http://inspire.ec.europa.eu/codelist/GeochronologicEraValue/calymmian1;False;16.08.2018
PP;Paläoproterozoikum;Paleoproterozoic (older bound-2500.0 Ma, younger bound-1600.0 Ma; Ärathem/Erathem); RGB-Farbwerte nach INSPIRE/ICS: 247 67 112; Quelle: International Chronostratigraphic Chart, Juli 2018;Paleoproterozoic;120;114;3;https://www.geokartieranleitung.de/desktopmodules/gkalist/api/af30ff12-7224-454b-9dab-8955bc2b1d2b;af30ff12-7224-454b-9dab-8955bc2b1d2b;http://inspire.ec.europa.eu/codelist/GeochronologicEraValue/paleoproterozoic;True;16.08.2018
PP4;Statherium;Statherian (older bound-1800.0 Ma, younger bound-1600.0 Ma; System/System); RGB-Farbwerte nach INSPIRE/ICS: 248 117 167; Quelle: International Chronostratigraphic Chart, Juli 2018;Statherian;175;120;4;https://www.geokartieranleitung.de/desktopmodules/gkalist/api/a208e4dc-5508-4385-b9e1-07c55a7e0ede;a208e4dc-5508-4385-b9e1-07c55a7e0ede;http://inspire.ec.europa.eu/codelist/GeochronologicEraValue/statherian;True;16.08.2018
PP4St4;Statherium 4;Statherian 4 * (older bound-1660.0 Ma, younger bound-1600.0 Ma; Serie/Series); RGB-Farbwerte nach INSPIRE/ICS: 255 178 212; Quelle: OneGeologyEuropeVocabulary (1GEAges);Statherian 4 *;176;175;5;https://www.geokartieranleitung.de/desktopmodules/gkalist/api/50fad322-13e3-4914-bb6e-07b4e4a240a3;50fad322-13e3-4914-bb6e-07b4e4a240a3;http://inspire.ec.europa.eu/codelist/GeochronologicEraValue/statherian4;False;16.08.2018
PP4St3;Statherium 3;Statherian 3 * (older bound-1740.0 Ma, younger bound-1660.0 Ma; Serie/Series); RGB-Farbwerte nach INSPIRE/ICS: 255 166 201; Quelle: OneGeologyEuropeVocabulary (1GEAges);Statherian 3 *;177;175;5;https://www.geokartieranleitung.de/desktopmodules/gkalist/api/7104649a-8c94-4a72-ad5a-ab98b9fc6e49;7104649a-8c94-4a72-ad5a-ab98b9fc6e49;http://inspire.ec.europa.eu/codelist/GeochronologicEraValue/statherian3;False;16.08.2018
PP4St2;Statherium 2;Statherian 2 * (older bound-1770.0 Ma, younger bound-1740.0 Ma; Serie/Series); RGB-Farbwerte nach INSPIRE/ICS: 255 153 191; Quelle: OneGeologyEuropeVocabulary (1GEAges);Statherian 2 *;178;175;5;https://www.geokartieranleitung.de/desktopmodules/gkalist/api/003332bf-c602-4420-a701-840044b072d7;003332bf-c602-4420-a701-840044b072d7;http://inspire.ec.europa.eu/codelist/GeochronologicEraValue/statherian2;False;16.08.2018
PP4St1;Statherium 1;Statherian 1 * (older bound-1800.0 Ma, younger bound-1770.0 Ma; Serie/Series); RGB-Farbwerte nach INSPIRE/ICS: 255 140 178; Quelle: OneGeologyEuropeVocabulary (1GEAges);Statherian 1 *;179;175;5;https://www.geokartieranleitung.de/desktopmodules/gkalist/api/86c16924-e404-4679-b056-977c5484eaa2;86c16924-e404-4679-b056-977c5484eaa2;http://inspire.ec.europa.eu/codelist/GeochronologicEraValue/statherian1;False;16.08.2018
PP3;Orosirium;Orosirian (older bound-2050.0 Ma, younger bound-1800.0 Ma; System/System); RGB-Farbwerte nach INSPIRE/ICS: 247 104 152; Quelle: International Chronostratigraphic Chart, Juli 2018;Orosirian;180;120;4;https://www.geokartieranleitung.de/desktopmodules/gkalist/api/2674f027-150b-490f-aaba-b374a8827b0c;2674f027-150b-490f-aaba-b374a8827b0c;http://inspire.ec.europa.eu/codelist/GeochronologicEraValue/orosirian;True;16.08.2018
PP3O7;Orosirium 7;Orosirian 7 * (older bound-1820.0 Ma, younger bound-1800.0 Ma; Serie/Series); RGB-Farbwerte nach INSPIRE/ICS: 250 185 230; Quelle: OneGeologyEuropeVocabulary (1GEAges);Orosirian 7 *;181;180;5;https://www.geokartieranleitung.de/desktopmodules/gkalist/api/48bcba59-54fc-4728-a16a-0f63a1805a8e;48bcba59-54fc-4728-a16a-0f63a1805a8e;http://inspire.ec.europa.eu/codelist/GeochronologicEraValue/orosirian7;False;16.08.2018
PP3O6;Orosirium 6;Orosirian 6 * (older bound-1840.0 Ma, younger bound-1820.0 Ma; Serie/Series); RGB-Farbwerte nach INSPIRE/ICS: 250 175 225; Quelle: OneGeologyEuropeVocabulary (1GEAges);Orosirian 6 *;182;180;5;https://www.geokartieranleitung.de/desktopmodules/gkalist/api/2dfdb507-4f4e-4ac9-bced-ba7db9133473;2dfdb507-4f4e-4ac9-bced-ba7db9133473;http://inspire.ec.europa.eu/codelist/GeochronologicEraValue/orosirian6;False;16.08.2018
PP3O5;Orosirium 5;Orosirian 5 * (older bound-1870.0 Ma, younger bound-1840.0 Ma; Serie/Series); RGB-Farbwerte nach INSPIRE/ICS: 242 163 218; Quelle: OneGeologyEuropeVocabulary (1GEAges);Orosirian 5 *;183;180;5;https://www.geokartieranleitung.de/desktopmodules/gkalist/api/3aa5fab3-6c32-42c4-b3b6-a05bcc47e74d;3aa5fab3-6c32-42c4-b3b6-a05bcc47e74d;http://inspire.ec.europa.eu/codelist/GeochronologicEraValue/orosirian5;False;16.08.2018
PP3O4;Orosirium 4;Orosirian 4 * (older bound-1880.0 Ma, younger bound-1870.0 Ma; Serie/Series); RGB-Farbwerte nach INSPIRE/ICS: 247 153 213; Quelle: OneGeologyEuropeVocabulary (1GEAges);Orosirian 4 *;184;180;5;https://www.geokartieranleitung.de/desktopmodules/gkalist/api/f1a34daf-7e64-43fd-9293-1ded40bcca1b;f1a34daf-7e64-43fd-9293-1ded40bcca1b;http://inspire.ec.europa.eu/codelist/GeochronologicEraValue/orosirian4;False;16.08.2018
PP3O3;Orosirium 3;Orosirian 3 * (older bound-1920.0 Ma, younger bound-1880.0 Ma; Serie/Series); RGB-Farbwerte nach INSPIRE/ICS: 247 143 208; Quelle: OneGeologyEuropeVocabulary (1GEAges);Orosirian 3 *;185;180;5;https://www.geokartieranleitung.de/desktopmodules/gkalist/api/3b7220a7-4f07-4717-839b-a69028a713cd;3b7220a7-4f07-4717-839b-a69028a713cd;http://inspire.ec.europa.eu/codelist/GeochronologicEraValue/orosirian3;False;16.08.2018
PP3O2;Orosirium 2;Orosirian 2 * (older bound-1960.0 Ma, younger bound-1920.0 Ma; Serie/Series); RGB-Farbwerte nach INSPIRE/ICS: 245 132 201; Quelle: OneGeologyEuropeVocabulary (1GEAges);Orosirian 2 *;186;180;5;https://www.geokartieranleitung.de/desktopmodules/gkalist/api/32edafcc-7d3f-42aa-89b6-1469ea62788a;32edafcc-7d3f-42aa-89b6-1469ea62788a;http://inspire.ec.europa.eu/codelist/GeochronologicEraValue/orosirian2;False;16.08.2018
PP3O1;Orosirium 1;Orosirian 1 * (older bound-2050.0 Ma, younger bound-1960.0 Ma; Serie/Series); RGB-Farbwerte nach INSPIRE/ICS: 245 122 196; Quelle: OneGeologyEuropeVocabulary (1GEAges);Orosirian 1 *;187;180;5;https://www.geokartieranleitung.de/desktopmodules/gkalist/api/ec901516-57f9-400c-8083-d838ec7e8fdd;ec901516-57f9-400c-8083-d838ec7e8fdd;http://inspire.ec.europa.eu/codelist/GeochronologicEraValue/orosirian1;False;16.08.2018
PP2;Rhyacium;Rhyacian (older bound-2300.0 Ma, younger bound-2050.0 Ma; System/System); RGB-Farbwerte nach INSPIRE/ICS: 247 91 137; Quelle: International Chronostratigraphic Chart, Juli 2018;Rhyacian;188;120;4;https://www.geokartieranleitung.de/desktopmodules/gkalist/api/eb2e36fd-53ff-400b-8ed1-0f0c0d5ab796;eb2e36fd-53ff-400b-8ed1-0f0c0d5ab796;http://inspire.ec.europa.eu/codelist/GeochronologicEraValue/rhyacian;True;16.08.2018
PP1;Siderium;Siderian (older bound-2500.0 Ma, younger bound-2300.0 Ma; System/System); RGB-Farbwerte nach INSPIRE/ICS: 247 79 124; Quelle: International Chronostratigraphic Chart, Juli 2018;Siderian;189;120;4;https://www.geokartieranleitung.de/desktopmodules/gkalist/api/4e62023e-b319-432d-b206-41033802a1fc;4e62023e-b319-432d-b206-41033802a1fc;http://inspire.ec.europa.eu/codelist/GeochronologicEraValue/siderian;True;16.08.2018
PP1S2;Siderium 2;Siderian 2 * (older bound-2400.0 Ma, younger bound-2300.0 Ma; Serie/Series); RGB-Farbwerte nach INSPIRE/ICS: 255 94 191; Quelle: International Chronostratigraphic Chart, Juli 2018;Siderian 2 *;190;189;5;https://www.geokartieranleitung.de/desktopmodules/gkalist/api/80870819-e01f-4067-b445-9badab5f91b5;80870819-e01f-4067-b445-9badab5f91b5;http://inspire.ec.europa.eu/codelist/GeochronologicEraValue/siderian2;True;16.08.2018
PP1S1;Siderium 1;Siderian 1 * (older bound-2500.0 Ma, younger bound-2400.0 Ma; Serie/Series); RGB-Farbwerte nach INSPIRE/ICS: 255 77 178; Quelle: International Chronostratigraphic Chart, Juli 2018;Siderian 1 *;191;189;5;https://www.geokartieranleitung.de/desktopmodules/gkalist/api/f613fc67-9c38-43c5-8fd1-2d63909ade7b;f613fc67-9c38-43c5-8fd1-2d63909ade7b;http://inspire.ec.europa.eu/codelist/GeochronologicEraValue/siderian1;True;16.08.2018
AR;Archaikum;Archean (older bound-4000.0 Ma, younger bound-2500.0 Ma; Äonothem/Eonothem); RGB-Farbwerte nach INSPIRE/ICS: 240 4 127; Quelle: International Chronostratigraphic Chart, Juli 2018;Archean;121;159;2;https://www.geokartieranleitung.de/desktopmodules/gkalist/api/17f6b685-29ef-4bfc-964a-21b95872932d;17f6b685-29ef-4bfc-964a-21b95872932d;http://inspire.ec.europa.eu/codelist/GeochronologicEraValue/archean;True;16.08.2018
NA;Neoarchaikum;Neoarchean (older bound-2800.0 Ma, younger bound-2500.0 Ma; Ärathem/Erathem); RGB-Farbwerte nach INSPIRE/ICS: 249 155 193; Quelle: International Chronostratigraphic Chart, Juli 2018;Neoarchean;192;121;3;https://www.geokartieranleitung.de/desktopmodules/gkalist/api/b9e56924-984a-4ba1-8e47-c43bbe447685;b9e56924-984a-4ba1-8e47-c43bbe447685;http://inspire.ec.europa.eu/codelist/GeochronologicEraValue/neoarchean;True;16.08.2018
NA2;Neoarchaikum 2;Neoarchean 2 * (older bound-2650.0 Ma, younger bound-2500.0 Ma; System/System); RGB-Farbwerte nach INSPIRE/ICS: 250 167 200; Quelle: OneGeologyEuropeVocabulary (1GEAges);Neoarchean 2 *;193;192;4;https://www.geokartieranleitung.de/desktopmodules/gkalist/api/0e88b797-e280-40fc-a1a2-8161f9c6bb2d;0e88b797-e280-40fc-a1a2-8161f9c6bb2d;http://inspire.ec.europa.eu/codelist/GeochronologicEraValue/neoarchean2;False;16.08.2018
NA1;Neoarchaikum 1;Neoarchean 1 * (older bound-2800.0 Ma, younger bound-2650.0 Ma; System/System); RGB-Farbwerte nach INSPIRE/ICS: 249 155 193; Quelle: OneGeologyEuropeVocabulary (1GEAges);Neoarchean 1 *;194;192;4;https://www.geokartieranleitung.de/desktopmodules/gkalist/api/5fa48083-2bee-47c7-8726-5b1efc9418cc;5fa48083-2bee-47c7-8726-5b1efc9418cc;http://inspire.ec.europa.eu/codelist/GeochronologicEraValue/neoarchean1;False;16.08.2018
MA;Mesoarchaikum;Mesoarchean (older bound-3200.0 Ma, younger bound-2800.0 Ma; Ärathem/Erathem); RGB-Farbwerte nach INSPIRE/ICS: 247 104 169; Quelle: International Chronostratigraphic Chart, Juli 2018;Mesoarchean;195;121;3;https://www.geokartieranleitung.de/desktopmodules/gkalist/api/53c1acbe-aa3c-4aa6-a7d8-144bd692c070;53c1acbe-aa3c-4aa6-a7d8-144bd692c070;http://inspire.ec.europa.eu/codelist/GeochronologicEraValue/mesoarchean;True;16.08.2018
PA;Paläoarchaikum;Paleoarchean (older bound-3600.0 Ma, younger bound-3200.0 Ma; Ärathem/Erathem); RGB-Farbwerte nach INSPIRE/ICS: 244 68 159; Quelle: International Chronostratigraphic Chart, Juli 2018;Paleoarchean;196;121;3;https://www.geokartieranleitung.de/desktopmodules/gkalist/api/bcea4988-b167-47dd-b420-691153398eee;bcea4988-b167-47dd-b420-691153398eee;http://inspire.ec.europa.eu/codelist/GeochronologicEraValue/paleoarchean;True;16.08.2018
EA;Eoarchaikum;Eoarchean (older bound-4000.0 Ma, younger bound-3600.0 Ma; Ärathem/Erathem); RGB-Farbwerte nach INSPIRE/ICS: 218 3 127; Quelle: International Chronostratigraphic Chart, Juli 2018;Eoarchean;197;121;3;https://www.geokartieranleitung.de/desktopmodules/gkalist/api/07968b70-daf4-4444-91b2-242a251906ab;07968b70-daf4-4444-91b2-242a251906ab;http://inspire.ec.europa.eu/codelist/GeochronologicEraValue/eoarchean;True;16.08.2018
HD;Hadaikum;Hadean (informal Ma;  (older bound-4600.0 Ma, younger bound-4000.0 Ma; Äonothem/Eonothem); RGB-Farbwerte nach INSPIRE/ICS: 174 2 126; Quelle: International Chronostratigraphic Chart, Juli 2018;Hadean (informal);198;159;2;https://www.geokartieranleitung.de/desktopmodules/gkalist/api/1198566d-80d9-43b1-8c44-a718962d769f;1198566d-80d9-43b1-8c44-a718962d769f;http://inspire.ec.europa.eu/codelist/GeochronologicEraValue/hadean;True;16.08.2018
