name,type,start,end,parent,labels
Precambrian,SUPEREON,4567.0,541.0,,Precâmbrico|先カンブリア時代|Prekambrium|Prekambrium|Prekambrium|Prekambri|Précambrien|Прекамбрий|prekambrium|prekambrium|prekambrium|前寒武纪|Precambrian|Prekambras|Prekambr|predkambrij|Präkambrium|Precambrium|Prækambrium|precambriano|Precámbrico
Phanerozoic,EON,541.0,0.0,,Fanerozoikum|Fanerozoikum|Phanerozoïcum|Fanerozojus|Phanerozoic|Phanerozoisk|fanerozoik|顕生代|Phanérozoïque|Phanerozoikum|显生宙|Fanerosoikum|Fanerozoik|Fanerotsoikum|fanerozoico|fanerozoikum|fanerozoikum|fanerozoikum|Fanerozóico|Fanerozoico|Фанерозой
Proterozoic,EON,2500.0,541.0,Precambrian,Proterozóico|Proterosoikum|Proterozojus|Proterozoico|原生代|proterozoikum|proterozoikum|proterozoik|Proterozoïcum|元古宙|Proterozoic|proterozoico|proterozoos|Протерозой|Protérozoïque|Proterozoikum|Proterozoikum|Proterozoikum|Proterozoisk|Proterozoik|Proterotsoikum
Archean,EON,4000.0,2500.0,Precambrian,"Arhaikum|Arkeikum|Arkeikum|Archéen|Archaean|Archaik|Arkæisk|прхай|arkeikum|archeano|Archaikum|Archaikum|archaikum|始生代|Arcaico|Arcaico|arhaik|archaikum, prahory|Archejus|Archaïcum|Archean|Archean|太古宙"
Hadean,EON,4567.0,4000.0,Precambrian,hadeikum|Hadejus (neoficialus)|Hadean (Nieformalny)|hadei|Hadeano|hadej (neformalno)|Hadaikum|hadaikum|Hadea|adeano|Hadeánico|冥古宙（非正式）|Hád (spodní hranice není definována)|Hadesi??|冥王代（非公式の）|Hadéen|Hadean|Hadean|Hadeïcum|Hadeikum
Cenozoic,ERA,66.0,0.0,Phanerozoic,kainozoikum|Kenozoikum|Kenozoikum|kenozoikum|kenozoikum|新生代|新生代|cenozoico|Kenotsoikum|Cenozóico|Cénozoïque|Cenozoic|Cenozoic|Cenozojus|Kenozoik|kenozoik|Känozoikum|Cainozoic|пеозой|Kaenozoïcum|Cenozoico|Kainosoikum|Kænozoisk
Mesozoic,ERA,251.902,66.0,Phanerozoic,Mezozojus|Mesozoikum|Mesozoikum|mesozoico|中生代|中生代|Mesozoïcum|Mesozoic|Mesozóico|mesozoikum|Mezozoikum|Mesozoisk|mezozoikum|mezozoikum|Mezozoik|Mesotsoikum|Мезозой|Mesosoikum|mezozoik|Mesozoico|Mésozoïque
Paleozoic,ERA,541.0,251.902,Phanerozoic,Paleozoikum|Paleozoikum|Palaeozoic|Палеозой|Paleozóico|paleozoik|Paleosoikum|paleozoico|Paleozoïcum|Palæozoisk|paleozoikum|paleozoikum|paleozoikum|Paleozoic|Paleozoic|Paläozoikum|Paleotsoikum|古生代|古生代|Paleozojus|Paléozoïque|Paleozoik|Palozoico
Neoproterozoic,ERA,1000.0,541.0,Proterozoic,neoproterozoikum|neoproterozoikum|neoproterozoikum|Neoproerozoico|neoproterozoico|Neoproterozojus|新元古代|Neoproterotsoikum|Neoproterozoïcum|Neoproterosoikum|Neoproterozoikum|Neoproterozoikum|Neoproterozoikum|Neoproterozóico|原生代後期|Neoproterozoic|Neoproterozoisk|пеопротерозой|neoproterozoik|Néoprotérozoïque|Neoproterozoik
Mesoproterozoic,ERA,1600.0,1000.0,Proterozoic,Mezoproterozoikum|Mesoproterozóico|mesoproterozoikum|中元古代|Mesoproterozoikum|Mesoproterozoikum|Mesoproterozoïcum|mezoproterozoik|原生代中期|Mezoproterozojus|Mesoproterosoikum|Mezoproterozoik|Mesoproterotsoikum|mezoproterozoikum|mezoproterozoikum|Мезопротерозой|Mesoproterozoico|Mesoproterozoisk|Mésoprotérozoïque|mesoproterozoico|Mesoproterozoic
Paleoproterozoic,ERA,2500.0,1600.0,Proterozoic,paleoproterozoïcum|paleoproterozoikum|paleoproterozoikum|Paleoproterozóico|paleoproterozoik|Paléoprotérozoïque|Paleoproterozoico|Palaeoproterozoic|古元古代|paleoproterozoico|Палеопротерозой|Palæoproterozoisk|Paleoproterozoik|Paleoproterozoic|Paleoproterozoic|Paleoproterosoikum|Paläoproteroizoikum|Paleoproterozoikum|Paleoproterozoikum|Paleoproterotsoikum|paleoproterozikum|Paleoproterozojus|原生代前期
Neoarchean,ERA,2800.0,2500.0,Archean,Néoarchéen|neoarcheano|neoarhaik|Neoarhaikum|neoarkeikum|新太古代|Neoarkeikum|Neoarkeikum|neoarchaikum|neoarchaikum|Neoarchean|Neoarchean|Neoarkæisk|Neoarcaico|Neoarcaico|Neo-archaicum|Neoarchejus|пеоархай|Neoarchaean|Neoarchaikum|Neoarchaikum|新始生代|Neoarchaik
Mesoarchean,ERA,3200.0,2800.0,Archean,mezoarchaikum|mesoarkeikum|mezoarchai|Mezoarchaikum|Mesoarhaikum|Mesoarkæisk|mesoarcheano|Mesoarkeikum|Mesoarkeikum|Mezoarchejus|Mesoarchaean|Mésoarchéen|中始生代|Mesoarchean|Mesoarchean|Мезоархай|Meso-archaicum|Mesoarcaico|Mesoarcaico|mezoarhaik|中太古代|Mesoarchaikum|Mezoarchaik
Paleoarchean,ERA,3600.0,3200.0,Archean,paleoarchaikum|Paleoarkeikum|Paleoarkeikum|Palaeoarchaean|Paleoarchaikum|Paléoarchéen|Палеоархай|paleoarkeikum|Paleoarcaico|Paleoarcaico|Paleoarhaikum|Paleoarchejus|古始生代|paleoarchai|Paläoarchaikum|Paleoarchaik|Palæoarkæisk|paleoarhaik|paleoarcheano|Paleoarchean|Paleoarchean|古太古代|Paleo-archaicum
Eoarchean,ERA,4000.0,3600.0,Archean,Eoarhaikum|Eoarchéen|Еоархай|eoarcheano|始太古代|暁始生代|Eoarchaikum|Eoarchaikum|Eoarchean|Eoarchean|Eoarchejus|eoarchaikum|eoarchaikum|Eoarcaico|Eoarcaico|eoarhaik|eoarkeikum|Eoarkeikum|Eoarkeikum|Eoarchaik|Eoarchaean|Eo-archaicum|Eoarkæisk
Quaternary,PERIOD,2.58,0.0,Cenozoic,kvartär|Kwartair|第四纪|第四紀|Kvartér|Quartär|Quaternaire|negyedidőszak|Kvaternaar|Quaternary|kvartar|Czwartorzęd|Kvarteras|Кватернер|quaternario|Quaternário|Kvartær|Kvartær|kvartér|Cuaternario|Kvartääri
Neogene,PERIOD,23.03,2.58,Cenozoic,Neogenas|пеоген|Neogénico|Neógeno|Neogeen|Neogeen|Néogène|neogen|neogen|晚第三纪|Neogén|新第三紀|neogene|neogén|neogén|Neogen|Neogen|Neogen|Neogen|Neogeeni|Neogene
Paleogene,PERIOD,66.0,23.03,Cenozoic,Palaeogene|Paleogeeni|Paleógeno|Paleogeen|Paleogeen|早第三纪|Paléogène|Paleogén|Paleogenas|paleogen|paleogen|Paleogene|Paleogene|Palæogen|paleogene|Paläogen|Paleogen|Paleogen|Палеоген|paleogén|paleogén|古第三紀|Paleogénico
Cretaceous,PERIOD,145.0,66.0,Mesozoic,白垩纪|krieda|Kritt|白亜紀|Krijt|kreda|Cretaceous|krita|Kreide|Креда|Kridt|Cretácico|Cretácico|cretacico|Kreida|Kreda|kréta|Křída|Liitu|Crétacé|Kriit
Jurassic,PERIOD,201.3,145.0,Mesozoic,"jura, jurský|Jurassic|Jurassique|Jurásico|Jurássico|Juura|giurassico|jura|jura|jura|Jura|Jura|Jura|Jura|Jura|Jura|Jura|Jurassisk|ジュラ紀|Юра|侏罗纪"
Triassic,PERIOD,251.902,201.3,Mesozoic,Triasas|Триаѿ|Triassic|trias|trias|trias|三畳紀|Trias|Trias|Trias|Trias|Trias|Trias|Trias|Triassisk|Triias|三叠纪|triassico|Triásico|Triásico|triász
Permian,PERIOD,298.9,251.902,Paleozoic,Pérmico|Pérmico|Permien|Permi|perm|perm|perm|perm|Перм|ペルム紀|permiano|Perm|Perm|Perm|Perm|Perm|Perm|Perm|Permas|Permian|二叠纪
Carboniferous,PERIOD,358.9,298.9,Paleozoic,Carbonífero|karbón|karbon|karbon|karbon|Карбон|Carboniferous|Kivihiili|Carbónico|石炭紀|石炭纪|Karbonas|Carboon|Carbonifère|Karbon|Karbon|Karbon|Karbon|Karbon|Karbon|carbonifero
Devonian,PERIOD,419.2,358.9,Paleozoic,泥盆纪|devon|devon|devon|デボン紀|Девон|Devónico|Devónico|Devoni|Devonas|Devon|Devon|Devon|Devon|Devon|Dévonien|Devonian|devoniano|Devoon|devón|Dewon
Silurian,PERIOD,443.8,419.2,Paleozoic,シルル紀|Siluuri|szilur|Silūras|Sylur|silúr|silur|silur|Силур|siluriano|Siluur|Silur|Silur|Silur|Silur|Silur|Silurian|Silúrcio|志留纪|Silúrico|Silurien
Ordovician,PERIOD,485.4,443.8,Paleozoic,ordovicij|Ordoviikki|Ordovicien|オルドビス紀|Ордовик|ordoviciano|Ordoviitsium|Ordovizium|Ordovícico|Ordovícico|ordovik|Ordovicium|Ordovicium|Ordovicium|Ordowik|Ordovikas|Ordovician|ordovicium|Ordovik|奥陶纪|ordovícium
Cambrian,PERIOD,541.0,485.4,Paleozoic,Kambr|Kambrium|Kambrium|Kambrium|Kambrium|Kambri|Cambrium|Cambrium|kambrij|Câmbrico|kambrium|kambrium|カンブリア紀|Kambras|cambriano|Cámbrico|Камбрий|Cambrien|Cambrian|kambriumi|寒武纪
Ediacaran,PERIOD,635.0,541.0,Neoproterozoic,Едиакар|Ediacarien|Ediacara|Ediacara|Ediacara|Ediacarium|ediacara|Ediakaras|埃迪卡拉纪|ediakarium|ediacaranum|Ediakar|Ediacariano|Ediacar|Ediacar|Ediacaran|Ediacaran|ediacariano|Ediacariense|エディアカラ紀|ediacarij
Cryogenian,PERIOD,720.0,635.0,Neoproterozoic,Kriogen|cryogenij|Kriogenis|kryogenium|Cryogen|Cryogen|クリオジェニアン紀|Cryogeniën|Criogeniense|kryogén|cryogeniano|Cryogenien|cryogeni|Криоген|成冰纪|Cryogenian|Krüogeen|Criogeniano|Cryogénien|Kryogenium|Kryogenium
Tonian,PERIOD,1000.0,720.0,Neoproterozoic,Ton|Ton|Ton|Ton|Toniense|toni|Tonien|Tonien|Tonian|Tonis|トニアン紀|Toniën|tonij|toniano|Toniano|Тон|Tonium|Tonium|拉伸纪|tonium|tonium
Stenian,PERIOD,1200.0,1000.0,Mesoproterozoic,Stenium|Stenium|steni|Steniën|Sten|Sten|Sten|Sten|Steniano|stenij|狭带纪|Стен|Stenien|Sténien|steniano|Esteniense|Stenis|ステニアン紀|stenium|stenium|Stenian
Ectasian,PERIOD,1400.0,1200.0,Mesoproterozoic,ectasiano|ektazium|Ectasian|Ectasien|Ectasien|Ectasiën|Ektasium|Ектаз|Ectasiense|Ektasis|ectasij|ectasium|ectasi|Ectasium|Ektas|延展纪|Ectasiano|Ectas|Ectas|Ectas|エクタシアン紀
Calymmian,PERIOD,1600.0,1400.0,Mesoproterozoic,Calymm|Calymm|Калим|kalymmium|calymmiano|Calymmien|Calymmien|calymmi|Kalymis|calymmij|kalymnium|Kalym|Calym|Calymmiën|Kalymmium|盖层纪|Calymmiense|Calymmian|Calymmium|カリミアン紀|Calymiano
Statherian,PERIOD,1800.0,1600.0,Paleoproterozoic,statherij|Stather|Stather|Stather|statheri|スタテリアン紀|Statheriën|固结纪|Statherium|Staterium|Stathérien|Stateris|Statheriense|Statherian|staterium|staterium|Stateriano|Stater|statheriano|Статер|Statherien
Orosirian,PERIOD,2050.0,1800.0,Paleoproterozoic,orosirium|orosirium|オロシリアン紀|Orosiriano|造山纪|Ороѿир|Orosirien|Orosirien|Orosirium|Orosirium|orosiri|orosiriano|Orosiris|Orosiriën|Orosirian|Orosir|Orosir|Orosir|Orosir|Orosiriense|orosijrij
Rhyacian,PERIOD,2300.0,2050.0,Paleoproterozoic,Ryak|层侵纪|rhyacium|Rhyacian|rhyaciano|ryacium|rhyaci|Rhyak|rhyacij|リヤシアン紀|Riak|Rhyacien|Rhyacien|Riacis|Rhyaciën|Rhyacium|Riaciano|Rhyac|Ryasium|Риац|Ryaciense
Siderian,PERIOD,2500.0,2300.0,Paleoproterozoic,シデリアン紀|sideriano|Siderium|Siderium|Sideriën|Sider|Sider|Sider|Sider|sideri|siderij|Sideris|Сидер|Siderian|siderium|siderium|成铁纪|Sidérien|Sideriense|Siderien|Sideriano
Pennsylvanian,SUBPERIOD,323.2,298.9,Carboniferous,Pennsylvaniën|Pensilvaniano|Pennsylvanien|Pennsylvanien|Pensylwan|pennsylvaniano|pennsylvaniai|Pensilvanis|pennsylvan|penssylván|ペンシルバニア紀|Пенѿилван|Pennsylván|Pennsylvaniense|Pennsylvanium|Pennsylvanium|Pennsylvania|Pennsylvania|宾夕法尼亚亚纪|Pennsylvanian|pennsylvanij
Mississippian,SUBPERIOD,358.9,323.2,Carboniferous,mississippi|mississippi|Mississippi|Mississippi|mississippij|Mississippium|Mississippium|Mississippian|mississippiano|ミシシッピアン紀|Missisip|mississip|Mississipiano|密西西比亚纪|Mississip|Misisipis|Mississippien|Mississippien|Миѿиѿип|Mississippiense|Mississippiën
Holocene,EPOCH,0.0117,0.0,Quaternary,Holocénico|holocén|holocén|Holocène|Holozän|完新世|Holocenas|holocen|holocen|Holocen|Holocen|Holotseen|Holoseeni|Холоцен|Holocæn|Holocene|全新世|Holoceno|Holocén|Holoceen|olocene
Pleistocene,EPOCH,2.58,0.0117,Quaternary,Pleistozän|Pleistocene|Pleistocenas|Pleistocén|Pleistotseen|Pléistocène|pleisztocén|Plejstocen|pleistocen|pleistocen|Плейѿтоцен|Pleistoceen|更新世|更新世|Plistocénico|Pleistocen|Pleistoceno|pleistocene|Pleistocæn|pleistocén|Pleistoseeni
Pliocene,EPOCH,5.333,2.58,Neogene,pliocene|Plioseeni|Pliocene|Pliozän|Pliotseen|pliocén|pliocén|Pliocénico|Pliocène|鮮新世|Плиоцен|Pliocen|Pliocen|Ploceno|上新世|Pliocén|Pliocenas|Plioceen|pliocen|pliocen|Pliocæn
Miocene,EPOCH,23.03,5.333,Neogene,Mioseeni|Miocénico|Miocène|miocene|Miotseen|中新世|中新世|miocén|miocén|Miocæn|miocen|miocen|Miocén|Mioceno|Миоцен|Miocenas|Miozän|Mioceen|Miocene|Miocen|Miocen
Oligocene,EPOCH,33.9,23.03,Paleogene,oligocen|oligocen|Oligocén|渐新世|Oligozän|Oligocenas|Oligocénico|Oligocene|Oligocen|Oligocen|漸新世|Oligocène|Oligoseeni|Oligocæn|Олигоцен|oligocene|Oliogoceen|oligocén|oligocén|Oligoceno|Oligotseen
Eocene,EPOCH,56.0,33.9,Paleogene,Eozän|Eoceen|Eoceno|Eoseeni|Еоцен|eocene|Eocæn|Eocénico|Eocenas|Eocen|Eocen|Eocène|Eocene|Eotseen|eocen|eocen|始新世|始新世|Eocén|eocén|eocén
Paleocene,EPOCH,66.0,56.0,Paleogene,paleocene|古新世|暁新世|Paleotseen|Paleocenas|Paleoceno|Paleocénico|Paläozän|paleocén|paleocén|paleocen|paleocen|Palaeocene|Paleoceen|Paleocene|Paleocene|Палеоцен|Paleocén|Paleoseeni|Paleocen|Paleocen|Paleocæn|Paléocène
UpperCretaceous,EPOCH,100.5,66.0,Cretaceous,Sen kritt|Late Cretaceous|後期白亜紀|késő-kréta|Sen Kridt|pozna kreda|Myöhäis-Liitu|Къѿна Креда|晚白垩世|mladšia krieda|Vėlyva kreida|Późna Kreda|Hilis-Kriit|Pozdní křída|Laat Krijt|yngre krita|Späte Kreide|Crétacé supérieur|cretacico superiore|Cretácico Superior|Cretáceo Superior|Upper Cretaceous
LowerCretaceous,EPOCH,145.0,100.5,Cretaceous,白亜紀前期|Crétacé précoce|早白垩世|Tidlig Kridt|Wczesna Kreda|Ранна Креда|Early Cretaceous|raná  krieda|Vroeg Krijt|Varajane kriit|Cretácico temprano|Cretaceo precoce|kora-kréta|Frühe Kreide|Varhais-Liitu|zgodnja kreda|Cretáceo Primitivo|äldre krita|Ankstyvoji Kreida|undre krita|Unterkreide|前期白亜紀|undre kritt|Lower Cretaceous|下白垩统|cretacico inferiore|spodnja kreda|Crétacé inférieur|Apatinė Kreida|Долна Креда|Ala-Liitu|spodní křída|Nedre Kridt|Cretácico Inferior|spodná  krieda|Alam-Kriit|alsó-kréta|Onder Krijt|Dolna Kreda|Cretáceo Inferior
UpperJurassic,EPOCH,163.5,145.0,Jurassic,Pozdní jura|pozna jura|yngre jura|Myöhäis-Jura|Laat Jura|Hilis-Juura|後期ジュラ紀|Late Jurassic|Sen Jurassisk|Późna Jura|Später Jura|Vėlyvoji Jura|mladšia jura|Sen jura|késő-jura|晚侏罗世|Къѿна Юра|Jurásico Superior|Jurássico Superior|Jurassique supérieur|giurassico superiore|Upper Jurassic
MiddleJurassic,EPOCH,174.1,163.5,Jurassic,中侏罗世|中期ジュラ紀|mellersta jura|Средна Юра|középső-jura|Middle Jurassic|Keski-Jura|stredná jura|Mellem Jurassisk|giurassico medio|Jurássico Médio|Środkowa Jura|Střední jura|Vidurinė Jura|Midden Jura|Jurásico Medio|Mittlerer Jura|Kesk-Juura|srednja jura|Midtre jura|Jurassique moyen|中侏罗统|ジュラ紀中期
LowerJurassic,EPOCH,201.3,174.1,Jurassic,Tidlig Jurassisk|Jurásico temprano|Wczesna Jura|ジュラ紀前期|kora-jura|giurassico precoce|Jurássico primitivo|Tidlig jura|早侏罗世|Vara-Juura|Ранна Юра|raná jura|Jurassique précoce|Ankstyvoji Jura|Early Jurassic|Varhais-Jura|Vroeg Jura|brzy jura|Früher Jura|zgodnja jura|äldre jura|giurassico inferiore|Jurásico Inferior|Jurassique inférieur|spodná  jura|alsó-jura|Apatinė Jura|Долна Юра|undre jura|undre jura|Ala-Jura|Nedre Jurassisk|Unterjura|Onder Jura|Dolna Jura|Lower Jurassic|spodnja jura|较低的侏罗纪|Jurássico Inferior|Alam-Juura|下ジュラ紀|spodní jura
UpperTriassic,EPOCH,237.0,201.3,Triassic,Myöhäis-Trias|Vėlyvasis Triasas|yngre trias|Laat Trias|後期三畳紀|Sen trias|Pozdní trias|Hilis-Triias|késő-triász|Late Triassic|pozni trias|晚三叠世|mladší trias|Къѿен Триаѿ|Późny Trias|Späte Trias|Sen Triassisk|triassico superiore|Triásico Superior|Triássico Superior|Upper Triassic|Trias supérieur
MiddleTriassic,EPOCH,247.2,237.0,Triassic,Middle Triassic|mellersta trias|Mittlere Trias|Trias moyen|stredný trias|Triásico Medio|Vidurinis Triasas|Střední trias|Środkowy Trias|Keski-Trias|Mellem Triassisk|srednji trias|Среден Триаѿ|Triásico Médio|Midden Trias|középső-triász|triassico medio|中期三畳紀|Kesk-Triias|中三叠世|Midtre trias|三畳紀中期|中三叠统
LowerTriassic,EPOCH,251.902,247.2,Triassic,Trias précoce|Tidlig Triassisk|Frühe Trias (Buntsandstein)|brzy trias|Triássico primitivo|三畳紀前期|早三叠世|zgodnji trias|kora-triász|Tidlig trias|Early Triassic|triassico precoce|Vara-Triias|Ankstyvasis Triasas|Varhais-Trias|Vroeg Trias|äldre trias|Triásico temprano|Раннен Триаѿ|raný trias|Wczesny Trias|Triásico Inferior|Dolna Trias|Lower Triassic|triassico inferiore|Ala-Trias|alsó-triász|Trias inférieur|下部三畳紀|spodnja trias|Onder Trias|spodná trias|Долна Триаѿ|下三叠纪|undre trias|undre trias|Triássico Inferior|Apatinė Triasas|spodní trias|Untertrias|Nedre Triassisk|Alam-Triias
Lopingian,EPOCH,259.1,251.902,Permian,loping|loping|lopingi|Lopingiën|Loping|Loping|Loping|Loping|Lopingiano|Lopingium|Lopingium|Lopingien|Lopingien|lopingij|ロピンギアン世|乐平世|Lopingiense|Лопинг|Lopingis|lopingiano|Lopingian
Guadalupian,EPOCH,272.95,259.1,Permian,Guadalupien|Guadalupéen|Guadalupiën|Gwadelup|Guadalupiano|Gvadalupis|guadalupei|瓜德鲁普世|Гуадалуп|ガダリューピアン世|Guadalupium|Guadalupium|guadalupij|guadalupiano|Guadalup|Guadalup|Guadalup|guadalup|guadalup|Guadalupian|Guadalupiense
Cisuralian,EPOCH,298.9,272.95,Permian,キスラリアン世|Cisuraliën|Cisuralian|ciszurali|Kisuralis|Cisuralium|Cisuralium|cisuralij|cisural|cisural|Cisuraliense|Циѿурал|乌拉尔世|Cisuraliano|Cisural|Cisural|Cisural|Cisural|Cisuralien|Cisuralien|cisuraliano
UpperPennsylvanian,EPOCH,307.0,298.9,Pennsylvanian,Къѿен Пенѿилван|Pozdní pennsylván|pozni pennsylvanij|Late Pennsylvanian|késő-pennsylvaniai|Sen Pennsylvanien|mladší penssylván|Sen pennsylvanium|Późny Pensylwan|Laat Pennsylvaniën|yngre pennsylvan|Myöhäis-Pennsylvania|Hilis-Pennsylvania|Vėlyvasis Pensilvanis|Spätes Pennsylvanium|晚宾夕法尼亚世|後期ペンシルバニア紀|Pennsylvaniense Superior|Pennsylvanien supérieur|Upper Pennsylvanian|Pensilvaniano Superior|pennsylvaniano superiore
MiddlePennsylvanian,EPOCH,315.2,307.0,Pennsylvanian,中期ペンシルバニア紀|Middle Pennsylvanian|中宾夕法尼亚世|中宾夕法尼亚统|ペンシルバニア紀中期
LowerPennsylvanian,EPOCH,323.2,315.2,Pennsylvanian,Early Pennsylvanian|前期ペンシルバニア紀|早宾夕法尼亚世|降低宾夕法尼亚州|Lower Pennsylvanian|ペンシルベニア州南部
UpperMississippian,EPOCH,330.9,298.9,Mississippian,晚密西西比世|後期ミシシッピアン紀|Late Mississippian|上密西西比统|Upper Mississippian|ミシシッピアン紀後期
MiddleMississippian,EPOCH,346.7,330.9,Mississippian,中密西西比世|Middle Mississippian|中期ミシシッピアン紀|中密西西比统|ミシシッピアン紀中期
LowerMississippian,EPOCH,358.9,346.7,Mississippian,早密西西比世|前期ミシシッピアン紀|Early Mississippian|ミシシッピ川下流|下密西西比州|Lower Mississippian
UpperDevonian,EPOCH,382.7,358.9,Devonian,Spätes Devon|Къѿен Девон|késő-devon|Sen devon|Myöhäis-Devoni|Svrchní devon|Hilis-Devon|Vėlyvasis Devonas|pozni devon|Sen Devon|後期デボン紀|晚泥盆世|mladší devón|yngre devon|Late Devonian|Laat Devoon|Późny Dewon|Upper Devonian|Dévonien supérieur|Devónico Superior|Devónico Superior|devoniano superiore
MiddleDevonian,EPOCH,393.3,382.7,Devonian,Devónico Médio|Środkowy Dewon|Vidurinis Devonas|Среден Девон|Devónico Medio|Dévonien moyen|Mitteldevon|devoniano medio|stredný devón|Střední devon|Keski-Devoni|Mellem Devon|középső-devon|Midden Devoon|mellersta devon|srednji devon|Midtre devon|Kesk-Devon|中泥盆世|中期デボン紀|Middle Devonian|中泥盆统|デボン紀中期
LowerDevonian,EPOCH,419.2,393.3,Devonian,早泥盆世|zgodnji devon|Vroeg Devoon|デボン紀前期|Wczesny Dewon|Vara-Devon|kora-devon|Ankstyvasis Devonas|Tidlig devon|Devónico temprano|Frühes Devon|brzy devon|Tidlig Devon|äldre devon|raný devón|Devoniano primitivo|Varhais-Devoni|Early Devonian|devoniano precoce|Dévonien précoce|Ранен Девон|Apatinė Devonas|Devoniano Inferior|Devónico Inferior|spodná  devón|Lower Devonian|alsó-devon|Nedre Devon|Alam-Devon|Ala-Devoni|devoniano inferiore|下部デボン紀|spodní devon|undre devon|undre devon|Onder Devoon|Dévonien inférieur|spodnja devon|Untervdevon|下泥盆世|Долна Девон|Dolna Dewon
Ludlow,EPOCH,427.4,423.0,Silurian,ludlow|ludlow|ludlow|卢德洛世|Ludlovis|Лудлоу|Ludlow|Ludlow|Ludlow|Ludlow|Ludlow|Ludlow|Ludlow|Ludlow|Ludlow|Ludlow|Ludlow|Ludlow|ludlowi|ルーロビアン世|ludlowij
Wenlock,EPOCH,433.4,427.4,Silurian,Wenlock|Wenlock|Wenlock|Wenlock|Wenlock|Wenlock|Wenlock|Wenlock|Wenlock|Wenlock|wenlockij|Uenlokis|Wenlok|wenlock|wenlock|Венлок|ウェンロッキアン世|Welnlock|wenlocki|wenlockiano|温洛克世
Llandovery,EPOCH,443.8,433.4,Silurian,ランドベリアン世|Landower|llandover|Llandovery|Llandovery|Llandovery|Llandovery|Llandovery|Llandovery|Llandovery|Llandovery|Llandovery|Llandovery|Llandovery|llandovery|llandovery|Лиандовери|llandoverij|兰多维列世|llandoveryi|Landoveris
UpperOrdovician,EPOCH,458.4,443.8,Ordovician,Къѿен Ордовик|Late Ordovician|Sen ordovicium|Laat Ordovicium|Hilis-Ordoviitsium|Vėlyvasis Ordovikas|Późny Ordowik|Spätes Ordovizium|Myöhäis-Ordoviikki|késő-ordovícium|starejši ordovicij|mladší ordovik|Pozdní ordovik|後期オルドビス紀|晚奥陶世|yngre ordovicium|Sen Ordovicium|Ordovícico Superior|Ordovícico Superior|ordoviciano superiore|Ordovicien supérieur|Upper Ordovician
MiddleOrdovician,EPOCH,470.0,458.4,Ordovician,mellersta ordovicium|Ordovícico Médio|Kesk-Ordoviitsium|Mellem Ordovicium|srednji ordovicij|Mittleres Ordovizium|ordoviciano medio|Среден Ордовик|Middle Ordovician|középső-ordovícium|Midden Ordovicium|Ordovicien moyen|中期オルドビス紀|Środkowy Ordowik|Ordovícico Medio|Vidurinis Ordovikas|中奥陶世|stredný ordovik|Keski-Ordoviikki|Střední ordovik|Midtre ordovicium|オルドビス紀中期|中奥陶统
LowerOrdovician,EPOCH,485.4,470.0,Ordovician,Ordovícico temprano|Ordovicien précoce|Tidlig Ordovicium|ordoviciano precoce|早奥陶世|äldre ordovicium|Ordovícista adiantado|brzy ordovik|Wczesny Ordowik|raný ordovik|Ранен Ордовик|Varhais-Ordoviikki|Ankstyvasis Ordovikas|kora-ordovícium|オルドビス紀前期|Tidlig ordovicium|Fühes Ordovizium|Early Ordovician|Vara-Ordoviitsium|zgodnji ordovicij|Vroeg Ordovicium|spodní ordovik|下部オルドビス紀|Apatinė Ordovikas|Onder Ordovicium|spodnja ordovicij|下奥陶统|Nedre Ordovicium|Dolna Ordowik|Lower Ordovician|spodná ordovik|Ordovícico Inferior|Долна Ордовик|ordoviciano inferiore|Alam-Ordoviitsium|Unterordovizium|Ordovicien inférieur|undre ordovicium|undre ordovicium|Ordovícista Inferior|Ala-Ordoviikki|alsó-ordovícium
Furongian,EPOCH,497.0,485.4,Cambrian,Furongien|Furongien|Фуронг|furong|furong|Furongiën|Furongis|フロンギアン世|Furongian|furongij|Furogiense|furongiano|Furongium|Furongium|芙蓉世|Furongiano|furongi|Furong|Furong|Furong|Furong
Miaolingian,EPOCH,509.0,497.0,Cambrian,"Miaolingian|kambrium serie 3|Câmbrico-Série 3|Kambrium-Oddělení 3|kambrium - séria 3|第三世|Kambrium-Serie 3|Kambrium-Serie 3|Cambrian Series 3|cambriano - serie 3|Kambri-sarja 3|Камбрий - 3 ѿериѿ|kambrij-serija 3|Kambras-Serija 3|Cambrien-Séries 3|Cambrium, Zone 3|Kambr-Oddział 3|Cámbrico-Serie 3|第3世|Kambrium, Ladestik 3|kambrium 3. sorozat|Kambrium-serie 3|CambrianSeries3"
CambrianSeries2,EPOCH,521.0,509.0,Cambrian,"kambrium - séria 2|Kambras-Serija 2|Kambrium -serie 2|Kambrium-Serie 2|Kambrium-Serie 2|Cambrian Series 2|kambrij-serija 2|Kambr-Oddział 2|Kambri-sarja 2|Cambrien-Séries 2|Câmbrico-Série 2|Cámbrico-Serie 2|Kambrium, Ladestik 2|Kambrium-Oddělení 2|kambrium 2. sorozat|第二世|第2世|Камбрий - 2 ѿериѿ|cambriano - serie 2|Cambrium, Zone 2|kambrium serie 2"
Terreneuvian,EPOCH,541.0,521.0,Cambrian,terreneuvij|Terreneuvian|Terreneuvium|Terreneuvium|Terreneuviense|Terenew|Terreneuviano|Теренеув|terreneuviano|Terreneuvien|Terreneuvien|Terreneuvi|Terreneuviën|Tereniuvis|纽芬兰世|テレニュービアン世|terreneuvi|Terreneuv|Terreneuv|terreneuv|terreneuv
Meghalayan,AGE,0.0042,0.0,Holocene,Meghalayan
Northgrippian,AGE,0.0082,0.0042,Holocene,Northgrippian
Greenlandian,AGE,0.0117,0.0082,Holocene,Greenlandian
UpperPleistocene,AGE,0.126,0.0117,Pleistocene,pozni pleistocen|Apatinis Pleistocenas|mladší pleistocén|Hiline pleistotseen|Sen Pleistocæn|後期更新世|Myöhäis-Pleistoseeni|Laat Pleistoceen|Yngre pleistocen|késő pleisztocén|Late Pleistocene|Къѿен плейѿтоцен|Spätes Pleistozän|yngre pleistocen|Pozdní pleistocén|晚更新世|Późny Plejstocen|Pleistoceno Superior|Upper Pleistocene|pleistocene superiore|Pléistocène supérieur|Plistocénico Superior
MiddlePleistocene,AGE,0.781,0.126,Pleistocene,Chibanian|Ion|Ion|Ion|lonis|jonian|ioni|mellersta pleistocen|イオニアン期|középső-pleisztocén|pleistocene medio|Kesk-Pleistotseen|Среден Плейѿтоцен|Ioniano|Pléistocène moyen|Střední pleistocén|srednji pleistocen|Midtre pleistocen|Ionian|Ionian|Midden Pleistoceen/ Midden terras|Middle Pleistocene|Plistocénico Médio|ionij|Iooni|Mellem Pleistocæn|Ionium|Ionium|stredný pleistocén|Pleistoceno Medio|ion|Vidurinis Pleistocenas|Ioniense|Ionien|Środkowy Plejstocen|Йониан|“爱奥尼亚”期|Keski-Pleistoseeni|ioniano|Mittlere Pleistozän|Middle Pleistocene Age|Ionian
Calabrian,AGE,1.8,0.781,Pleistocene,Calabria|Kalambr|Calabr|Onder Pleistoceen/ Hoog Terras|カラブリア期|calabriano|Kalaabria|Калабрий|卡拉布里亚期|Calabrian|Calabrian|kalabriai|Calabriense|Kalabris|calabr|Calabrium|Calabrium|kalábrian|Calabriano|Calabrien|calabrij
Gelasian,AGE,2.58,1.8,Pleistocene,Gelasian|Gelasian|Gelasium|Gelasium|Gelas|Gelas|Gelas|ゲラシアン期|Gelasien|格拉斯期|gelasiano|Pretigliën + Tigliën|gelas|gelas|gelasij|Gelasiano|Gelasiense|Gelasis|Gelasi|gelasi
Piacenzian,AGE,3.6,2.58,Pliocene,piacenziano|piacenzij|Piacenzium|Piacenz|Piacenz|Piacenz|PiaĿenzis|Пиачен|Placenciano|Piecenzium|Plazenciense|piacenzai|ﾋﾟｱｾﾝｼﾞｱﾝ期|piacenz|piaĿenz|Piacenzian|Piacenzien|Piacenzien|Piacenzi|Reuveriën|皮亚琴期
Zanclean,AGE,5.333,3.6,Pliocene,Zancle|Zanclium|Zancleium|Zanklis|Zancleano|Zanclayense|Zankl|ザンクレアン期|zancleano|Занклѿки|Zanclean|zanclij|zancl|Zancl|Zancl|Brunssummiën|赞克勒期|zanclai|zanclean|Zanclien|Zancléen
Messinian,AGE,7.246,5.333,Miocene,Messinien|Messinien|Messini|messinij|墨西拿期|Messyn|Susteriën|messiniano|Messinian|Mesinis|メッシニアン期|Messiniano|Messiniense|messinai|messin|messin|Messin|Messina|Меѿин|Messinium|Messinium
Tortonian,AGE,11.63,7.246,Miocene,tortón|tortonai|Torton|Torton|Torton|Tortoniën - Linne|Tortonian|Tortonien|Tortonien|Tortoni|Tortoniano|Tortoniense|Tortonium|Tortonium|Тортон|toroniano|トートニアン期|tortonij|torton|托尔顿期|Tortonis
Serravallian,AGE,13.82,11.63,Miocene,Serravallien|Serravallien|serravall|serravall|Serravalli|Serravallium|塞拉瓦尔期|serravallij|Саравал|Serravaliano|サーラバリアン期|Servallium|serravallei|Seravalis|Serrawal|Serravalliën - Langeveld|Serravall|Serravalliense|Serraval|Serravallian|serravaliano
Langhian,AGE,15.97,13.82,Miocene,Langis|langh|langh|Langhi|langhij|Lang|Ланг|Langhien|Langhien|langhei|Langhiano|Langhium|Langhium|ランギアン期|Langh|Langh|Langhian|兰海期|langhiano|Langhiense|Langhiën-Reinbek
Burdigalian,AGE,20.44,15.97,Miocene,Burdigalien|Burdigalien|バーディガリアン期|Burdigalian|Бурдигал|布迪加尔期|Burdigaliano|Burdigaliense|Burdigal|Burdigal|Burdigali|Burdigalis|Burdigalium|Burdigalium|burdigal|burdigal|Burdigaliën-Hemmoor|Burdygał|burdigaliano|burdigalij|burdigaliai
Aquitanian,AGE,23.03,20.44,Miocene,Aquitan|Aquitan|Aquitaniano|Akwitan|Akvitanis|Aquitani|Aquitaniën-Vierland|Aquitanium|Aquitanium|Aquitanian|アキタニアン期|aquitaniano|akvitanij|Aquitanien|Aquitanien|пквитан|akvitán|aquitaniai|aquitan|Aquitaninse|阿启坦期
Chattian,AGE,27.82,23.03,Oligocene,Chattian|Chatt|恰特期|Chatti|chattiano|Chattiën|Szat|Chattium|Chattium|Хат|Chattien|Chattien|シャティアン期|chattij|Chatiano|Chattiense|katti|Chat|Chatis|chatt|chatt
Rupelian,AGE,33.9,28.1,Oligocene,Rupelis|ルペル期|Rupelian|rupel|rupel|Rupeliën|Рупел|Rupel|Rupel|Rupel|Rupel|Rupelien|Rupeliano|Rupelium|rupelij|Rupeli|rupeli|Rupeliense|鲁珀利期|Rupélien|rupeliano
Priabonian,AGE,37.8,33.9,Eocene,Приабон|Priabon|Priabon|Priabon|Priabon|Priaboni|priabon|普里阿邦期|Priaboniën|Priabonium|Priabonien|Priabonien|priabonai|Priaboniense|プリアボニアン期|Priabonian|Priaboniano|priabonij|Priabonis|priabón|priaboniano
Bartonian,AGE,41.2,37.8,Eocene,bartonij|bartoniano|巴尔顿期|bartoni|bartón|Бартон|Bartonium|Barton|Barton|Barton|Barton|Bartonian|Bartoniën|Bartonien|Bartonien|Bartoniense|Bartoniano|Bartoni|バートニアン期|Bartonis|barton
Lutetian,AGE,47.8,41.2,Eocene,Lutet|Lutet|Lutet|Lutetien|Liutetis|lutetiai|ルテシアン期|Lutetiën|lutet|Luteti|Lutetian|卢台特期|lutét|Lutétien|Luteciense|lutecij|Luteciano|Лютеѿ|leteziano|Litetium|Lutetium
Ypresian,AGE,56.0,47.8,Eocene,伊普雷斯期|Ypris|Ipr|Ypres|Ypres|Ypres|イプレシアン期|Ypresien|ypres|ypres|Ipresiano|Yprésien|Ипреѿ|ypresi|Ypresiense|ypresiano|Ypresi|Ypresiën|Ypersium|ypresij|Ypresian
Thanetian,AGE,59.2,56.0,Paleocene,Thanetiën|tanet|Tanetiano|Tanetis|Thanetian|塔内提期|Thanetium|Thanetium|Thanetiense|Thanetien|thaneti|thanetiano|Thaneti|Танет|Tanet|thanet|Thanétien|thanetij|サネティアン期|Thanet|Thanet
Selandian,AGE,61.6,59.2,Paleocene,Selandiano|Selandis|Selandium|Selandium|セランディアン期|seland|seland|Selandian|Selandiën|Selandien|Zeland|selandi|Селанд|Selandiense|塞兰特期|selandij|selandiano|Selandi|Seland|Seland|Sélandien
Danian,AGE,66.0,61.6,Paleocene,Дан|dan|Danien|Danien|Taani|Danian|Dan|Dan|Dan|Daniano|ダニアン期|Daniën|dániai|Danis|Danium|Danium|Daninese|danij|dán|daniano|丹麦期
Maastrichtian,AGE,72.1,66.0,UpperCretaceous,maastricht|Maastrichti|Maastricht|Maastricht|Maastricht|Maestrichtiano|maastrichti|maastrichtij|Mastrichtis|Маѿтрихт|Mastrycht|马斯特里赫特期|マーストリヒシアン期|Maastrichtian|mástricht|Maastrichtiense|Maastrichtien|Maastrichtien|maastrichtiano|Maastrichtium|Maastrichtiën
Campanian,AGE,83.6,72.1,UpperCretaceous,Kampan|Kampanis|Campanian|カンパニアン期|Campanium|Campanium|Кампан|campanij|Campaniano|campan|campaniai|Campanien|Campanien|Campan|Campan|坎佩尼期|kampán|Campani|Campaniense|Campaniën|campaniano
Santonian,AGE,86.3,83.6,UpperCretaceous,Santoniano|桑托期|Santoniense|Santonien|Santonien|Santoniën|Santon|Santon|Santon|santoni|サントニアン期|santoniano|santón|santonij|Santoni|santon|Сантон|Santonium|Santonium|Santonis|Santonian
Coniacian,AGE,89.8,86.3,UpperCretaceous,Coniac|coniacij|科尼亚克期|コニアシアン期|coniaci|Konjakis|Coni|Coniak|Conaciën|Koniak|coniaciano|koňak|Coniacien|Coniacien|Coniacian|Coniacium|Coniacium|coniac|Coniaciano|Кониак|Coniaci
Turonian,AGE,93.9,89.8,UpperCretaceous,Turoniense|Turonian|turonij|Turoni|チュロニアン期|Турон|Turonien|Turonien|Turon|Turon|Turon|turon|turon|Turoniano|turoniano|Turonis|Turonium|Turonium|Tuironiën|土仑期|turón
Cenomanian,AGE,100.5,93.9,UpperCretaceous,Cenomanien|Cenoman|Cenoman|Cenoman|森诺曼期|セノマニアン期|Cenomani|Cenomaniense|Ценоман|Cenomanis|cenoman|cenoman|cenoman|Cenomanium|Cenomanium|Cenomanian|cenomanij|Cenomaniano|Cénomanien|cenomaniano|Laat/Boven Krijt
Albian,AGE,113.0,100.5,LowerCretaceous,Albian|Alb|Alb|Alb|Alb|Albien|Albien|albij|плб|albai|alb|Albis|Albiense|Albiën|Albi|Albiano|Albium|阿尔布期|アルビアン期|albiano|alban
Aptian,AGE,125.0,113.0,LowerCretaceous,apt|apt|apti|ппт|Aptiense|aptiano|Aptis|Apt|Apt|Apt|Apt|Aptiën|Aptien|Aptien|Aptian|アプチアン期|Apti|Aptiano|Aptium|aptij|阿普弟期
Barremian,AGE,129.4,125.0,LowerCretaceous,Barremien|Barremian|Baremis|Barremium|Барем|barremij|Barremiense|berremiano|Barrem|Barrem|Barrem|Barremiano|barremi|barém|巴列姆期|Barrémien|バレミアン期|Barremi|Barremiën|Barrêmium|barrem
Hauterivian,AGE,132.9,129.4,LowerCretaceous,Hoteryw|hauterivi|hauteriv|hauteriv|オーテリビアン期|hauteriviano|Hauterivium|Hauterivium|Hauteviriense|Hauteriviano|Hauterivian|Hauterivi|Hoterivis|Хотрив|Hauteriviën|hauterivij|Hauterivien|Hauterivien|豪特里维期|Hauteriv|Hauteriv
Valanginian,AGE,139.8,132.9,LowerCretaceous,valanginij|Valendis|Walanżyn|Valangini|valangin|Valanginium|Valanginium|バランギニアン期|Valanginiano|Valanginien|Valanginien|valangini|valanžin|Valanginiense|Vanlangiën|valanginiano|Valanginian|凡兰吟期|Валанжин|Valangin|Valangin
Berriasian,AGE,145.0,139.8,LowerCretaceous,Berrias|Berrias|berias|Berriasi|Бериаѿ|Berrasiën|berrias|Berias|berriasi|贝利亚斯期|Berriasium|Berriasium|Berriasiano|Berriasien|Berriasien|berriasij|berriasiano|ベリアシアン期|Beriasis|Berriasian|Berriasiense
Tithonian,AGE,152.1,145.0,UpperJurassic,Tithoni|Титон|Tithonium|Tithonium|titón|titoniano|Tithoniense|Titonis|tithon|tithon|提通期|Tithoniën|Tithonien|Tithonien|Tyton|Tithon|Tithon|チトニアン期|Titoniano|tithonij|Tithonian
Kimmeridgian,AGE,157.3,152.1,UpperJurassic,Kimeridgiano|Kimmeridge|Kimmeridge|Kimmeridge|Kimmeridž|Kimmeridgiense|kimmeridge|kimmeridgei|Kimmeridgian|Kimméridgien|Kimmeridgien|Kimmeridgiën|启莫里支期|kimeridž|Kimeridis|kimmeridgij|キンメリッジアン期|Kimmeridgium|kimmeridgiano|Кимеридж|Kimeryd
Oxfordian,AGE,163.5,157.3,UpperJurassic,Oxfordian|Oxfordium|牛津期|Окѿфорд|oxfordiano|Oxfordien|Oxfordien|Oksford|oxford|oxford|Oxfordiën|Oxfordiano|oxfordij|Oxfordiense|オックスフォーディアン期|Oxford|Oxford|Oxford|Oksfordis|oxfordi|Oxfordi
Callovian,AGE,166.1,163.5,MiddleJurassic,Callove|Callovium|卡洛夫期|callovi|Callovien|Callovien|Calloviense|Callovian|Kelowej|Calloviën|Callov|Callov|calloviano|Callovi|callovij|カロビアン期|Калов|kelovej|Caloviano|callov|Kelovėjis
Bathonian,AGE,168.3,166.1,MiddleJurassic,Bathonium|Barthoniën|Baton|Bathonian|Batonis|巴通期|Bathon|Bathon|Bathon|bathonij|Batoniano|bathoniano|Bathoniense|Bathoni|バソニアン期|Bathonien|Bathonien|bathon|bath|bath|Бат
Bajocian,AGE,170.3,168.3,MiddleJurassic,bajociano|Байоѿ|Bajociën|バジョシアン期|Bajociano|Bajok|Bajociense|bajok|Bajosis|巴柔期|Bajocien|Bajocien|Bajos|Bajocium|bajoc|Bajocian|Bajoci|bajocij|Bajoc|Bajoc|bajoci
Aalenian,AGE,174.1,170.3,MiddleJurassic,Aalenian|aalen|aaleni|Aaleniense|Aalen|Aalen|Aalen|Aalen|Aalénien|álen|Aaleniën|пален|阿连期|Aalénium|Aaleni|Alenis|aaleniano|aalenij|アーレニアン期|Aalenien|Aaleniano
Toarcian,AGE,182.7,174.1,LowerJurassic,Тоар|toarcij|Toaris|Toark|Toark|Toarciën|toarci|Toarcium|toarciano|Toarciense|トアルシアン期|Toarciano|托阿尔期|Toarcien|Toarcien|toarc|toark|Toarc|Toarc|Toarcian|Toarci
Pliensbachian,AGE,190.8,182.7,LowerJurassic,Pliensbachium|Plienbach|pliensbach|pliensbach|pliensbachiano|Pliensbaquiano|Pliensbachian|Pliensbachiense|プリンスバッキアン期|Pliënsbachiën|pliensbachi|pleinsbachij|Pliensbachien|Pliensbachien|Pliensbach|Pliensbach|Pliensbach|普连斯巴奇期|Pliensbachi|Плиинѿбах|Plynsbachis
Sinemurian,AGE,199.3,190.8,LowerJurassic,Sinemuriën|Sinemur|Sinemur|Sinemur|sinemuriano|Синемур|Sinemurien|sinemuri|sinemurij|sinemúr|Sinemurian|Sinemiūris|辛涅穆尔期|Sinemuriense|Sinémurien|Sinemuriano|Sinémurium|Sinemuri|sinemur|Synemur|シネムール期
Hettangian,AGE,201.3,199.3,LowerJurassic,Hettangiën|赫唐期|Hettagiense|Хетанж|hetanž|Hettangium|hettang|Hetangiano|Hetang|ヘッタンギアン期|hettangi|Hettang|Hettang|Hettang|hettangiano|hettangij|Hetangis|Hettangi|Hettangian|Hettangien|Hettangien
Rhaetian,AGE,208.5,201.3,UpperTriassic,Rhetiense|Rhétien|Rhaetien|Rhaeti|Ræt|瑞替期|Rhätium|レーティアン期|rhaeti|Rhaetian|Rhaetiën|Reciano|Retis|Retyk|retico|Rhaet|Rhaet|rét|rät|Рет|retij
Norian,AGE,227.0,208.5,UpperTriassic,norik|Noris|ノーリアン期|Noriano|Noriën|norij|nori|Nor|Nor|Nor|пор|Noriense|诺利克期|Nori|Norium|Norien|Norien|norico|Noryk|Norian|nor
Carnian,AGE,237.0,227.0,UpperTriassic,karnij|carn|Carniano|Karnis|Karnik|carnico|Carnien|Carnien|Карн|karn|卡尼期|Carnian|Karnium|karni|Carniense|Carni|Carn|Carn|Carn|カーニアン期|Carniën
Ladinian,AGE,242.0,237.0,MiddleTriassic,Ladinis|Ladiniën|Ladiniense|Ладин|Ladinian|Ladinium|Ladyn|Ladinien|Ladinien|拉迪尼亚期|ladinico|ladin|ladin|ladin|Ladiniano|Ladin|Ladin|Ladin|ラディニアン期|Ladini|ladinij
Anisian,AGE,247.2,242.0,MiddleTriassic,アニシアン期|anis|anis|Anisien|Anisien|Anisian|Anisiano|Anisium|Ansin|пниз|anizij|Anisiense|Anizyk|anisico|Anizis|Anisiën|Anis|Anis|Anisi|安尼期|anisusi
Olenekian,AGE,251.2,247.2,LowerTriassic,olenyoki|Olénekien|Olenekiense|オレネキアン期|Olenekian|Оленек|Olenekiano|Olenek|Olenek|Olenek|Olenek|Olenekien|olenekiano|奥伦尼克期|olenekij|Oleneki|Olenekium|Olenekis|Olenekiën|olenek|olenek
Induan,AGE,251.902,251.2,LowerTriassic,indij|Indu|Indu|Indu|Induiën|Indis|Induense|Induan|indu|indu|印度期|Indus|インドゥアン期|induano|Induano|Indusium|Ind|indusi|Induen|Induen|Инд
Changhsingian,AGE,254.14,251.902,Lopingian,Changhsing|Changhsing|Changhsing|Changsingiense|changsingiano|Changhsingi|Чангшинг|changhsing|长兴期|チャンシンギアン期|Changhsingium|Changhsingien|Changhsingien|Changhsingiano|Changxingium|Čangšinjanis|Changhsingiën|Changhsingian|Ŀchangsing|changhsingij|changhsingi
Wuchiapingian,AGE,259.1,254.14,Lopingian,Wuchiapingien|Wuchiapingien|VuĿiapingis|Wuchiapingium|wuchiapingij|Wuchiaping|Wuchiaping|Wuchiapingiense|Wuchiapingi|wuťiapching|Wuchiaiping|wuchiaping|Wuchianpingum|Wuchiapingiano|wuchiapingi|ウキアピンギアン期|吴家坪期|Wuchiapingian|Wuchiapingiën|wuchiapingiano|Вучиапинг
Capitanian,AGE,265.1,259.1,Guadalupian,capitanij|Capitanium|Capitanium|Capitaniën|Capitaniano|Capitan|Capitan|capitaniano|capitan|capitan|Capitaniense|Kapitanis|Капитан|capitani|Capitanian|Kapitan|Capitanien|Capitanien|卡匹敦期|Capitani|カピタニアン期
Wordian,AGE,268.8,265.1,Guadalupian,Wordiense|wordiano|Wordiën|ワーディアン期|Wordien|Wordien|word|word|沃德期|wordi|Уорд|Wordiano|Wordium|Wordium|Wordian|Vordis|Word|Word|Word|wordij|Wordi
Roadian,AGE,272.95,268.8,Guadalupian,roadi|Роад|Roadiën|Roadium|Roadium|Roadiano|road|road|Roadiense|roadiano|Roadi|Roadis|Roadian|roadij|罗德期|ローディアン期|Roadien|Roadien|Road|Road|Road
Kungurian,AGE,283.5,272.95,Cisuralian,Kunguriense|Kunguri|kunguri|Kungurian|クングリアン期|Kungur|Kungur|Kungur|Kunguris|Kunguriën|Kunguriano|kungurianno|孔古尔期|Kungurium|Kungurium|kungurij|kungur|kungur|Kungurien|Kungurien|Кунгур
Artinskian,AGE,290.1,283.5,Cisuralian,Artiskium|artinsk|artinsk|Artinski|Artinskiën|artinskiano|Artinskis|亚丁斯克期|アルティンスキアン期|Artinsk|Artinsk|Artinsk|Artinskien|Artinskien|artyinszki|Artinskiano|пртин|Artinskium|Artinskiense|Artinskian|artinskij
Sakmarian,AGE,295.0,290.1,Cisuralian,sakmariano|Сакмар|萨克马尔期|szakmarai|Sakmariën|Sakmaria|Sakmariense|Sakmarium|Sakmariano|サクマリアン期|sakmar|sakmar|Sakmarien|Sakmarien|Sakmarian|Samarkium|Sakmar|Sakmar|Sakmar|sakmarij|Sakmaris
Asselian,AGE,298.9,295.0,Cisuralian,пѿел|asselij|Asseliën|Aselis|Asseli|Asselium|Asselium|Asselian|阿瑟尔期|assel|assel|Asseliano|Assel|Assel|Assélien|Asseliense|asseliano|asszeli|アセリアン期|Aselsk|Asselien
Gzhelian,AGE,303.7,298.9,UpperPennsylvanian,Gželis|gžel|gzseli|Gzhelium|Gzhelium|gželij|gzheliano|Gzhelian|Гжел|Gzeliano|グゼリアン期|Gzheli|Gżel|Gzheliën|Gzhélien|Gzhel|Gzhel|gzhel|Gzhelien|格热尔期|Gzeliense
Kasimovian,AGE,307.0,303.7,UpperPennsylvanian,kasimov|kasimov|kaszimovi|カシモビアン期|Kasimoviense|Каѿимов|Kasimoviën|kasimoviano|Kasimoviano|Kasimovien|Kasimovien|Kasimov|Kasimov|Kasimovi|Kasimovian|kasimovij|Kasimow|Kasimovium|Kasimovium|Kasimovis|卡西莫夫期
Moscovian,AGE,315.2,307.0,MiddlePennsylvanian,Moscoviën|Moskova|moscov|Moscovien|Moscovien|Moscoviense|Моѿков|moskov|莫斯科期|Moscovian|Moscoviano|moskovij|moszkvai|Moscov|モスコビアン期|Moskovis|Moskovium|Moskovium|Moskow|moscoviano|Moskva|Middle Pennsylvanian
Bashkirian,AGE,323.2,315.2,LowerPennsylvanian,Bashkirien|Bashkirien|baškirij|baskír|巴什基尔期|バシキリアン期|Bashkiriense|Bashkirian|Bashkirian|Башкир|Baszkir|Bashkiriano|bashkir|baškir|Bashkir|Bashkir|Baškiiri|Bashkirium|Bashkirium|bashkiriano|Bashkiriën|Early Pennsylvanian
Serpukhovian,AGE,330.9,323.2,UpperMississippian,Serpukhovien|Serpukhovien|serpuchov|serpukhoviano|Serpukovium|Serpukhov|Serpukhov|Serpukoviano|Serpuhhovi|Serpulkhoviense|サプコビアン期|Serpukhovian|Serpukhoviën|Serpuchovis|szerpuhovi|Serpukhovium|Серпухов|serpukhovij|serpukhov|谢尔普霍夫期|Serpuchow|Late Mississippian
Visean,AGE,346.7,330.9,MiddleMississippian,vis|Vise-iën|viséi|Viseum|visén|Viseen|Визей|Wizen|Viseense|Viseium|韦宪期|ビゼアン期|Vis|Vise|viseij|Vizejis|Viséen|viseano|Visé|Viseano|Visean|Middle Mississippian
Tournaisian,AGE,358.9,346.7,LowerMississippian,Турней|Turnej|Tournasium|Turnėjis|トルネージアン期|Tournaisium|Tournaisiense|Tournais|Tournais|Tournaisien|Tournaisien|Tournaisian|Tournaisiën|tournaisi|tournas|杜内期|Tournai|turnén|tournaisij|Turnaisiano|tournasiano|Early Mississippian
Famennian,AGE,372.2,358.9,UpperDevonian,Фамен|Famenne|Famennian|fammenij|Famenniën|Famen|Famen|Fammennium|famenn|Famennien|Famennien|Famenis|famenniano|Fammenn|Fameniense|法门期|famen|Famennium|famenni|ファメニアン期|Fameniano
Frasnian,AGE,382.7,372.2,UpperDevonian,frasni|Frasniën|Frasne|Fran|フラスニアン期|Frasnium|frasn|frasn|Frasniano|Фран|frasnij|Frasniense|弗拉斯期|Frasnien|Frasnien|Franis|Frasn|Frasn|Frasneium|frasniano|Frasnian
Givetian,AGE,387.7,382.7,MiddleDevonian,givetiano|giveti|ジベーチアン期|Живет|Givetiense|Givetiën|Żywet|Givétien|Givetium|Givetium|Givetiano|吉维特期|Givet|Givet|Givet|Givetian|givet|givet|givetij|Živetis|Givetien
Eifelian,AGE,393.3,387.7,MiddleDevonian,Eifel|Eifel|Eifel|Eifelian|Eifelis|eifel|eifel|Eifeliën|艾菲尔期|アイフェリアン期|eifeli|Eifeliense|eifelij|Eifelium|Eifelium|Eifelien|пйфел|eifeliano|Eifélien|Eifeli|Eifeliano
Emsian,AGE,407.6,393.3,LowerDevonian,Emsiën|emsi|艾姆斯期|Emsis|Emsium|Emsium|emsiano|エムシアン期|Ems|Ems|Ems|Emsi|Emsiense|Емѿ|Emsian|emsij|Emsiano|Emsien|Emsien|ems|ems
Pragian,AGE,410.8,407.6,LowerDevonian,プラギアン期|Praha|Praha|Pragiën|prag|Pragien|Praguiense|prágai|Праг|Pragian|Pragiano|Pragium|Pragium|pragiano|Pragis|pragij|布拉格期|prág|Praguien|Prag|Prag
Lochkovian,AGE,419.2,410.8,LowerDevonian,Lochkovian|lochkov|lochkov|Lochkoviën|Lochkovi|lochkovi|Lochkoviense|Lochkovien|Lochkovien|ロッコビアン期|Lochkov|Lochkov|Lochkow|Ложков|lochkovij|lochkoviano|Lochkovium|Lochkovium|Lochkovis|Lochkoviano|洛赫科夫期
Pridoli,AGE,423.0,419.2,Silurian,Przydol|pridoli|pridoli|pridoli|プリドリアン世|Přídolí|pridolij|Prídoli|Pržidolis|přídol|Пржидол|普里多利世|Pridoli|Pridoli|Pridoli|Pridoli|Pridoli|Pridoli|Pridoli|Pridoli|Pridoli
Ludfordian,AGE,425.6,423.0,Ludlow,卢德福德期|ludfordiano|Ludfordien|Ludfordien|Ludfordiano|ludford|ludford|Ludfordiën|Лудфорд|Ludfordi|ルドフォーディアン期|Ludford|Ludford|Ludford|Ludford|Ludfordiense|Ludfordian|ludfordi|Ludfordium|Lutfordis|ludfordij
Gorstian,AGE,427.4,425.6,Ludlow,Gorstiense|Gorstiën|Gorstiano|Gorsti|Gorstium|Gorstium|gorstij|ゴースティアン期|格斯特期|Горѿт|Gorstian|Gorstien|Gorstien|gorsti|gorstiano|Gorstis|Gorst|Gorst|Gorst|gorst|gorst
Homerian,AGE,430.5,427.4,Wenlock,Homerien|Homer|Homer|Homer|Homer|Homeris|Homeriano|Homeriense|侯默期|homer|homer|ホメリアン期|Homerium|homeri|homerij|Homérien|homeriano|Homeriën|Хомер|Homerian|Homeri
Sheinwoodian,AGE,433.4,430.5,Wenlock,Sheinwoodi|Sheinwoodiën|Шейнуд|sheinwoodiano|シェインウッディアン期|Sheinwoodiense|申伍德期|Sheinwoodium|Šeinvudis|Sheinwood|Sheinwood|Sheinwood|Sheinwood|sheinwoodi|sheinwood|sheinwood|Sheinwoodien|Sheinwoodien|Sheinwoodian|Sheinwoodiano|sheinwodij
Telychian,AGE,438.5,433.4,Llandovery,Telychi|Telych|Telych|Telych|TelyĿis|Télychien|Телич|telychi|telychij|Telychium|Telychium|Telychien|telych|telych|Telychiense|telychiano|特列奇期|テリチアン期|Telychiano|Telychiën|Telychian
Aeronian,AGE,440.8,438.5,Llandovery,Aeronis|Aeronien|aeron|Aeroniense|Aeroniano|aeroni|Aéronien|Aeroni|Aeronian|Aeron|Aeron|Aeron|перон|埃隆期|アエロニアン期|aeroniano|Aeronium|Aeronium|aeronij|Aeroniën|aerón
Rhuddanian,AGE,443.8,440.8,Llandovery,Rudanis|Rudaniano|Rhuddanian|Rhuddanium|Rhuddanium|rhuddanij|rhuddaniano|Рудан|Rhuddanien|Rhuddanien|鲁丹期|rhuddani|Rhuddaniense|Rhuddani|ルダニアン期|Rhuddaniën|rhuddan|rhuddan|Rhuddan|Rhuddan|Rhuddan
Hirnantian,AGE,445.2,443.8,UpperOrdovician,hirnantij|Hirnantiense|hirnant|hirnant|赫南特期|hirnantiano|Hirnant|Hirnant|Hirnant|Hirnantia|Hirnantiano|hirnanti|Хирнант|Hirnantian|ヒルナンティアン期|Hirnatium|Hirnantiën|Hirnantien|Hirnantien|Hirnantium|Hirnantis
Katian,AGE,453.0,445.2,UpperOrdovician,Kati|katiano|kati|Katis|Katien|Katien|Katiense|Katiano|Katian|凯迪期|Katiën|Katium|Katium|カティアン期|katij|Kat|Kat|Kat|Кат|kat|kat
Sandbian,AGE,458.4,453.0,UpperOrdovician,Sandbi|Sandb|Sandb|sandb|Sandbian|Сандб|sandbi|sandby|Sandbiën|sandbij|Sandbium|Sandbis|Sandbiano|sandbiano|Sandbiense|Sandby|Sandbien|Sandbien|Sandbyium|サンドビアン期|桑比期
Darriwilian,AGE,467.3,458.4,MiddleOrdovician,Darriwiliano|Darriwilian|ダーリウィリアン期|darriwilliano|darriwil|darriwil|Darivilis|Daewillium|Darriwilium|达瑞威尔期|Darriwilien|Darriwilien|darriwilij|Darriwiliense|Darriwil|Darriwil|Darriwil|Даривил|Darriwili|Darriwiliën|darriwili
Dapingian,AGE,470.0,467.3,MiddleOrdovician,Dapingian|daping|daping|Dapingien|Dapingien|Dapingis|Dapingium|Dapingium|ダピンギアン期|Daping|Daping|Daping|Dapingiano|Dapingiën|大坪期|dapingij|dapingi|dapingiano|Dapingiense|Дапинг|Dapingi
Floian,AGE,477.7,470.0,LowerOrdovician,flo|flo|Flois|floiano|Floi|Floium|Floium|floi|Floiense|Flo|Flo|Flo|floij|Floiano|Floien|フロイアン期|Floiën|弗洛期|Floian|Floian
Tremadocian,AGE,485.4,477.7,LowerOrdovician,Tremadoci|tremadoci|Tremadoc|Tremadoc|Тремадок|Tremadocian|Tremadocium|トレマドキアン期|tremadok|Tremadokis|tremadocij|Tremadociense|tremadoc|Tremadok|Tremadok|Tremadociën|特马豆克期|tremadociano|Trémadocien|Tremadociano|Tremadocien
CambrianStage10,AGE,489.5,485.4,Furongian,"kambrium, stupeň 10|Câmbrico-Piso 10|Kambrium-Stupeň 10|Cámbrico-Piso 10|Камбрий - 10 етаж|第10期|cambriano - stage 10|Kambrium-Etage 10|kambrium etage 10|第十期|Cambrian-Stage 10|Cambrien-Etage 10|Kambras-Aukštas 10|Kambri-vaihe 10|Kambr-Piętro 10|Kambrium-etasje10|Kambrium-Stufe 10|Cambrium, Zone 10|Kambrium, Lade 10|kambrium 10. emelet|kambrij-stopnja 10"
Jiangshanian,AGE,494.0,489.5,Furongian,"Jiangshanian|江山期|第9期|Kambrium, Lade 9|Cambrium, Zone 9|kambrium etage 9|Cámbrico-Piso 9|Kambrium-Etage 9|Kambrium-Stufe 9|Kambrium -etasje 9|Kambras - Aukštas 9|Kambri-vaihe 9|Камбрий - 9 етаж|Câmbrico-Piso 9|Kambr-Piętro 9|第九期|kambrium 9. emelet|Jiangshanian|Jiangshanian|cambriano - stage 9|kambrij-stopnja 9|Kambrium-Stupeň 9|kambrium, stupeň 9"
Paibian,AGE,497.0,494.0,Furongian,排碧期|Paibiën|paibij|Paibium|Paibium|Paibian|Paibi|paibiano|paibi|paib|Paibien|Paibien|pajb|Paibis|Paibiano|Paib|Paib|Paib|パイビアン期|Paibiense|Паиб
Guzhangian,AGE,500.5,497.0,Miaolingian,guzhang|guzhangij|Guzhangiano|Guzhangi|guzhangi|Guzhangien|Guzhangien|古丈期|Guzhangium|Guzhangium|Guzhangian|Guzhang|Guzhang|グザンギアン期|Gużang|Guzhangiën|Жужанг|guzhangiano|Guzhangiense|Gužangis|gužang
Drumian,AGE,504.5,500.5,Miaolingian,drumiano|Drumiën|Drumien|Drumien|Drumiense|Drumian|drumij|Drumi|drumi|Drum|Drum|Drum|鼓山期|drum|drum|Drumium|Drumium|Друм|Drumiano|Drumis|ドルミアン期
Wuliuan,AGE,509.0,504.5,Miaolingian,"Wuliuan|kambrij-stopnja 5|cambriano-stage 5|第5期|Kambrium-Stupeň 5|Kambrium, Lade 5|Kambrium-Stufe 5|Cambrien-Etage 5|Cambrian-Stage 5|Kambr-Piętro 5|Cambrium-etasje 5|Kambri-vaihe 5|kambriumi-5. szakasz|第五期|Cámbrico-Piso 5|Cambrium, Zone 5|kambrium-stupeň 5|kambrium etage 5|Камбрий-5 етаж|Câmbrico-Piso 5|Kambrium-Etage 5|Kambras-Aukštas 5|CambrianStage5"
CambrianStage4,AGE,514.0,509.0,CambrianSeries2,"Kambras-Aukšts 4|kambrij stopnja 4|Kambr-Piętro 4|第四期|第4期|cambriano - stage 4|Cambrien-Etage 4|Cámbrico-Piso 4|Cambrian-Stage 4|Kambrium-Stufe 4|Камбрий - 4 етаж|Kambri-vaihe 4|kambrium 4. emelet|kambrium etage 4|Kambrium, Lade 4|Kambrium-Stupeň 4|Kambrium-etasje 4|Kambrium-Etage 4|kambrium, stupeň 4|Câmbrico-Piso 4|Cambrium, Zone 4"
CambrianStage3,AGE,521.0,514.0,CambrianSeries2,"第3期|Kambrium-Stupeň 3|Kambrium, Lade 3|Kambrium-Etage 3|Câmbrico-Piso 3|kambrium 3. emelet|第三期|Cambrien-Etage 3|Cambrium, Zone3|Kambras-Aukštas 3|Kambrium-etasje 3|kambrij-stopnja 3|kambrium, stupeň 3|cambriano - stage 3|Cámbrico-Piso 3|kambrium etage 3|Kambr-Piętro 3|Kambrium-Stufe 3|Kambri-vaihe 3|Камбрий - 3 етаж|Cambrian-Stage 3"
CambrianStage2,AGE,529.0,521.0,Terreneuvian,"第二期|Kambri-vaihe 2|kambrium etage 1|cambriano - stage 2|Kambrium-etasje 2|第2期|Kambrium, Lade 2|Cámbrico-Piso 2|Kambrium-Stupeň 2|Kambrium-Stufe 2|Câmbrico-Piso 2|Камбрий - 2 етаж|Cambrien-Etage 2|Kambrium-Etage 2|Kambras-Aukštas 2|kambrium, stupeň 2|Kambr-Piętro 2|kambrij-stopnja 2|Cambrium, Zone 2|Cambrian-Stage 2|kambrium 2. emelet"
Fortunian,AGE,541.0,529.0,Terreneuvian,Fortunian|fortunij|fortun|fortun|Fortuniense|Fortuniano|Fortuniën|Фортун|fortuniano|Fortun|Fortun|Fortun|Fortunien|Fortunien|好运期|フォルツニアン期|Fortunis|Fortune|Fortunium|Fortunium|fortuni
